field_1,Haltestellen_Id,ein_dtv,aus_dtv,ein_dwv,aus_dwv,HALTESTELLEN_Haltestellennummer,HALTESTELLEN_Haltestellenkurzname,HALTESTELLEN_Haltestellenlangname,sum_dtv,sum_dwv
"1","4",3957.96723041096,3721.36332493151,4409.29413984064,4205.25375936255,"3041",BTIE,"Zürich, Bahnhof Tiefenbrunnen",7679.33055534247,8614.54789920319
"2","5",68.8260547945205,71.1800821917808,89.01,90.07,"418",BUEB,"Zollikon, Bahnübergang",140.006136986301,179.08
"3","6",227.34101369863,204.853753424658,281.01,248.84,"824",FBST,"Zollikon, Felbenstrasse",432.194767123288,529.85
"4","7",439.256438356164,376.625890410959,547.04,458.35,"715",DUFP,"Zollikon, Dufourplatz",815.882328767123,1005.39
"5","8",303.385397260274,343.808630136986,364.65,416.85,"476",BEUG,"Zollikon, Beugi",647.19402739726,781.5
"6","9",193.554109589041,197.706082191781,233.43,235.66,"1013",GOHA,"Zollikon, Goldhaldenplatz",391.260191780822,469.09
"7","10",110.409178082192,116.843150684932,132.49,139.19,"610",BUEH,"Küsnacht ZH, Bühlstrasse",227.252328767124,271.68
"8","11",71.2181095890411,96.8892054794521,86.65,117.46,"1011",GOBA,"Küsnacht ZH, Goldbacherstrasse",168.107315068493,204.11
"9","12",88.0442191780822,109.128054794521,107.88,133.28,"516",BOGL,"Küsnacht ZH, Boglerenstrasse",197.172273972603,241.16
"10","13",195.550821917808,228.412219178082,206.75,253.84,"2168",SIHE,"Küsnacht ZH, Schiedhaldenstr.",423.96304109589,460.59
"11","14",29.5462465753425,45.439095890411,36.08,54.65,"2167",SIHG,"Küsnacht ZH, Schiedhaldensteig",74.9853424657535,90.73
"12","15",114.579342465753,138.969780821918,140.46,168.77,"2327",SUEB,"Küsnacht ZH, Schübel",253.549123287671,309.23
"13","16",184.034794520548,164.305808219178,219,193.2,"2695",TAEG,"Itschnach, Tägermoos",348.340602739726,412.2
"14","17",52.7756164383562,67.2766301369863,66.2,81.59,"2038",REBW,"Itschnach, Rebweg",120.052246575343,147.79
"15","18",299.378657534247,289.180739726027,365.49,350.67,"1341",ITDO,"Itschnach, Dorf",588.559397260274,716.16
"16","19",239.680465753425,271.540767123288,280.79,310.82,"1342",ITFA,"Itschnach, Fallacher",511.221232876713,591.61
"17","20",63.7467123287671,65.504602739726,47.73,57.44,"3717",CHIN,"Zürich, Chinagarten",129.251315068493,105.17
"18","21",7622.77136986301,8190.70876712329,8941.5071314741,9653.20111553785,"1845",OPER,"Zürich, Opernhaus",15813.4801369863,18594.7082470119
"19","22",30478.9954794521,26367.7621917808,35234.6025099602,30307.1002390438,"440",BELL,"Zürich, Bellevue",56846.7576712329,65541.702749004
"20","23",39.1312328767123,53.3535890410959,50.26,73.98,"769",ELWA,"Zürich, Elektrowatt",92.4848219178082,124.24
"21","25",5196.78480821918,5238.11411506849,6203.33774900398,6218.1110438247,"1144",HEGI,"Zürich, Hegibachplatz",10434.8989232877,12421.4487928287
"22","26",373.986057534247,414.64598739726,436.744705179283,489.626595219124,"3645",BOGA,"Zürich, Botanischer Garten",788.632044931507,926.371300398407
"23","27",91.1311506849315,118.593369863014,110.03,145.5,"70",ALTE,"Zürich, Altenhofstrasse",209.724520547946,255.53
"24","28",83.7981095890411,105.409397260274,99.19,122.75,"2956",WONE,"Zürich, Wonnebergstrasse",189.207506849315,221.94
"25","29",126.294657534247,170.200082191781,147.03,199.39,"868",FLUE,"Zürich, Flühgasse",296.494739726028,346.42
"26","30",218.688904109589,291.893561643836,275.15,373.19,"3594",EPIK,"Zürich, EPI-Klinik",510.582465753425,648.34
"27","31",180.701835616438,187.627726027397,216.29,222.26,"1315",IWAL,"Zürich, Im Walder",368.329561643835,438.55
"28","32",170.08597260274,103.40501369863,200.84,120.61,"508",BLEU,"Zürich, Bleulerstrasse",273.49098630137,321.45
"29","34",703.558794520548,748.330657534247,806.82,842.05,"716",DUNK,"Zürich, Dunkelhölzli",1451.8894520548,1648.87
"30","35",287.55498630137,359.496684931507,325.93,407.87,"2152",SALZ,"Zürich, Salzweg",647.051671232877,733.8
"31","36",471.607123287671,617.384876712329,528.6,689.98,"2033",RAUH,"Zürich, Rautihalde",1088.992,1218.58
"32","37",672.913643835616,875.510876712329,783.08,1010.35,"2276",BUCL,"Zürich, Schulhaus Buchlern",1548.42452054795,1793.43
"33","38",1863.66668493151,1899.59443835616,2090.36111553785,2100.77972111554,"2034",RAUT,"Zürich, Rautistrasse",3763.26112328767,4191.14083665339
"34","39",771.094630136986,821.370794520548,884.94422310757,937.083346613546,"2754",UNTM,"Zürich, Untermoosstrasse",1592.46542465753,1822.02756972112
"35","40",1104.57561643836,1203.77098630137,1261.04804780876,1368.26537848606,"3705",ALBD,"Zürich, Albisriederdörfli",2308.34660273973,2629.31342629482
"36","41",2003.7764109589,1905.38695890411,2317.47270916335,2210.01027888446,"840",FELL,"Zürich, Fellenbergstrasse",3909.16336986301,4527.48298804781
"37","42",1202.47080054795,1220.0619309589,1384.84243904382,1396.15491952191,"2147",SACK,"Zürich, Sackzelg",2422.53273150685,2780.99735856573
"38","43",397.801643835616,377.479698630137,458.68,433.09,"1503",LANG,"Zürich, Langgrütstrasse",775.281342465753,891.77
"39","44",1148.19687671233,1047.34728767123,1378.52,1275.22,"3123",IMGU,"Zürich, Im Gut",2195.54416438356,2653.74
"40","45",219.668383561644,223.389917808219,261.08,266.68,"1073",GUTS,"Zürich, Gutstrasse",443.058301369863,527.76
"41","46",6845.49,6644.50657534247,7743.8722310757,7494.94231075697,"1012",GOLP,"Zürich, Goldbrunnenplatz",13489.9965753425,15238.8145418327
"42","47",8180.75550684931,7979.29101369863,9473.91147410359,9211.73099601594,"2256",SWIE,"Zürich, Schmiede Wiedikon",16160.0465205479,18685.6424701195
"43","48",5055.62410958904,4978.0355890411,6026.41856573705,5970.67,"3042",BWIE,"Zürich, Bahnhof Wiedikon",10033.6596986301,11997.088565737
"44","49",13552.4960547945,12882.2038082192,15646.7756972112,14873.7303984064,"2572",SOER,"Zürich, Sternen Oerlikon",26434.6998630137,30520.5060956176
"45","50",1506.438,1718.05567123288,1567.72235059761,1803.34629482072,"3154",MEHA,"Zürich, Messe/Hallenstadion",3224.49367123288,3371.06864541833
"46","51",789.98498630137,731.653232876712,897.761992031873,832.761075697211,"3760",HALO,"Zürich, Hallenbad Oerlikon",1521.63821917808,1730.52306772908
"47","52",836.734164383562,834.518,957.931752988048,943.996454183267,"2069",RIEG,"Zürich, Riedgraben",1671.25216438356,1901.92820717132
"48","53",1072.83789041096,1168.46550684932,1247.95454183267,1364.13454183267,"2145",SAAT,"Zürich, Saatlenstrasse",2241.30339726028,2612.08908366534
"49","54",264.014657534247,337.144684931507,303.663306772908,381.127131474104,"708",DREI,"Zürich, Dreispitz",601.159342465754,684.790438247012
"50","55",405.58295890411,539.79802739726,453.115856573705,607.756972111554,"114",AUBR,"Zürich, Aubrücke",945.38098630137,1060.87282868526
"51","56",186.52002739726,266.73495890411,231.061792828685,314.343426294821,"1179",HERZ,"Zürich, Herzogenmühlestrasse",453.25498630137,545.405219123506
"52","57",8864.60076712329,8675.27991780822,10120.6655776892,9889.39326693227,"2294",SCHW,"Zürich, Schwamendingerplatz",17539.8806849315,20010.0588446215
"53","58",272.478821917808,145.934273972603,310.816454183267,169.459083665339,"2688",TULP,"Zürich, Tulpenstrasse",418.413095890411,480.275537848606
"54","59",228.993260273973,145.552164383562,258.298247011952,169.992270916335,"1160",HERB,"Zürich, Herbstweg",374.545424657535,428.290517928287
"55","60",10909.7966849315,10135.3126575342,12368.4693625498,11462.7164940239,"3034",BOER,"Zürich, Bahnhof Oerlikon",21045.1093424657,23831.1858565737
"56","61",1583.41035616438,1746.17906849315,1915.1584063745,2100.40494023904,"2045",REGB,"Zürich, Regensbergbrücke",3329.58942465753,4015.56334661354
"57","62",1020.35893150685,1171.25060273973,1195.04115537849,1384.30179282869,"1821",OBEW,"Zürich, Oberwiesenstrasse",2191.60953424658,2579.34294820718
"58","63",1784.84980821918,1672.52128767123,2020.63569721116,1868.00848605578,"1705",NEUA,"Zürich, Neuaffoltern",3457.37109589041,3888.64418326694
"59","64",2751.93408219178,2807.56065753425,3205.16597609562,3268.78860557769,"1000",GLAU,"Zürich, Glaubtenstrasse",5559.49473972603,6473.95458167331
"60","65",1552.29802739726,1509.43449315068,1764.38932270916,1708.15605577689,"767",EINF,"Zürich, Einfangstrasse",3061.73252054794,3472.54537848605
"61","66",2983.87967123288,3258.20821917808,3436.6193625498,3747.20956175299,"2968",ZEHN,"Zürich, Zehntenhausplatz",6242.08789041096,7183.82892430279
"62","67",1050.46008219178,1065.85471232877,1218.58498007968,1214.02920318725,"3021",BAFF,"Zürich, Bahnhof Affoltern",2116.31479452055,2432.61418326693
"63","68",196.940575342466,152.123835616438,225.653027888446,171.630438247012,"914",FRON,"Zürich, Fronwald",349.064410958904,397.283466135458
"64","69",442.38501369863,387.480602739726,516.301474103586,450.650756972112,"2737",UAFF,"Zürich, Unteraffoltern",829.865616438356,966.952231075698
"65","70",177.512273972603,175.830410958904,198.686932270916,196.951553784861,"2298",SHOL,"Zürich, Schwandenholz",353.342684931507,395.638486055777
"66","71",297.519835616438,282.404767123288,322.829322709163,305.428446215139,"2801",WAIH,"Zürich, Waidhof",579.924602739726,628.257768924302
"67","72",13075.6258372603,11836.8040887671,15473.4958191235,13987.7404478088,"3022",BALT,"Zürich, Bahnhof Altstetten",24912.4299260274,29461.2362669323
"68","73",736.662520547945,1138.3255890411,899.979442231076,1402.88262948207,"542",BRIS,"Zürich, Bristenstrasse",1874.98810958905,2302.86207171315
"69","74",5951.14978082192,5640.38224657534,6897.293187251,6555.55163346614,"1570",LIND,"Zürich, Lindenplatz",11591.5320273973,13452.8448207171
"70","75",1352.93906849315,1445.54515068493,1508.59418326693,1603.84836653386,"47",ALBR,"Zürich, Albisrieden",2798.48421917808,3112.44254980079
"71","76",383.343150684932,450.358602739726,461.398605577689,531.366334661355,"1007",GOLD,"Zürich, Goldackerweg",833.701753424658,992.764940239044
"72","77",1002.76818876712,1068.92398273973,1139.6513501992,1201.60399880478,"1320",IDEY,"Zürich, In der Ey",2071.69217150685,2341.25534900398
"73","78",5633.96893863014,5493.51833205479,6385.76124541833,6167.50829163347,"2680",TRIE,"Zürich, Triemli",11127.4872706849,12553.2695370518
"74","79",659.395178082192,804.386219178082,776.910916334661,945.371752988048,"2682",TRIS,"Zürich, Triemlispital",1463.78139726027,1722.28266932271
"75","80",1931.78361643836,1897.64863013699,2234.02860557769,2206.1703187251,"2707",TUEF,"Zürich, Tüffenwies",3829.43224657535,4440.19892430279
"76","81",627.15704109589,467.634630136986,682.640478087649,499.738565737052,"2934",WINH,"Zürich, Winzerhalde",1094.79167123288,1182.3790438247
"77","82",207.736493150685,203.412821917808,231.881912350598,226.658804780876,"1231",HOHE,"Zürich, Hohenklingensteig",411.149315068493,458.540717131474
"78","83",683.899835616438,633.13704109589,789.584940239044,719.822231075697,"6015",WINS,"Zürich, Winzerstrasse Süd",1317.03687671233,1509.40717131474
"79","84",842.966465753425,801.253287671233,972.537290836653,911.620517928287,"2831",WART,"Zürich, Wartau",1644.21975342466,1884.15780876494
"80","85",1141.03375342466,1071.00753424658,1301.5409561753,1208.55725099602,"3015",ZWIE,"Zürich, Zwielplatz",2212.04128767124,2510.09820717132
"81","86",4205.05816438356,4299.97219178082,4881.69932270916,5014.45541832669,"1626",MEIE,"Zürich, Meierhofplatz",8505.03035616438,9896.15474103585
"82","87",740.995315068493,1082.0278630137,846.742828685259,1208.89278884462,"1280",HOEB,"Zürich, Hönggerberg",1823.02317808219,2055.63561752988
"83","88",3995.65876712329,4314.45676712329,5075.45390438247,5492.08860557769,"735",ETHH,"Zürich, ETH Hönggerberg",8310.11553424658,10567.5425099602
"84","89",599.26,740.20005479452,684.857928286853,839.027729083665,"1539",LERC,"Zürich, Lerchenhalde",1339.46005479452,1523.88565737052
"85","90",534.569835616438,665.620438356164,598.975019920319,748.855059760956,"2289",SWEG,"Zürich, Schumacherweg",1200.1902739726,1347.83007968128
"86","91",63.4735068493151,323.981945205479,71.3798804780876,384.19015936255,"6020",GLAS,"Zürich, Glaubtenstrasse Süd",387.455452054794,455.570039840638
"87","92",465.557260273973,513.878191780822,525.66390438247,577.426533864542,"3451",MOTT,"Zürich, Mötteliweg",979.435452054795,1103.09043824701
"88","93",750.811397260274,848.65904109589,888.656414342629,1014.19278884462,"3450",CHAL,"Zürich, Chaletweg",1599.47043835616,1902.84920318725
"89","94",321.114438356164,431.61095890411,405.572788844622,580.335219123506,"3449",BIRC,"Zürich, Birchstrasse",752.725397260274,985.908007968128
"90","95",2040.38093150685,2035.35005479452,2357.31139442231,2359.39645418327,"3764",MAXB,"Zürich, Max-Bill-Platz",4075.73098630137,4716.70784860558
"91","96",3781.25484931507,3248.85901369863,4389.46812749004,3762.64334661355,"6255",BOEN,"Zürich, Bahnhof Oerlikon Nord",7030.1138630137,8152.11147410359
"92","97",1134.47035616438,792.629561643836,1366.25737051793,934.196693227092,"6975",GLNO,"Zürich, Glaubtenstrasse Nord",1927.09991780822,2300.45406374502
"93","98",614.693808219178,725.644767123288,692.106693227092,823.246852589641,"2935",WINZ,"Zürich, Winzerstrasse",1340.33857534247,1515.35354581673
"94","100",2006.52789041096,1848.59476712329,2647.0228685259,2447.25390438247,"1552",LEUT,"Zürich, Leutschenbach",3855.12265753425,5094.27677290837
"95","101",1093.95890410959,1053.4261369863,1395.07131474104,1353.53657370518,"6459",ZOER,"Zürich, Oerlikerhus",2147.38504109589,2748.60788844622
"96","102",2468.1138630137,2486.46624657534,2941.69011952191,2977.2822310757,"6461",GGLA07,Glattpark,4954.58010958904,5918.97235059761
"97","103",1121.24336986301,1008.65517808219,1365.87143426295,1229.37529880478,"6460",ZFER,"Zürich, Fernsehstudio",2129.8985479452,2595.24673306773
"98","104",973.531095890411,1240.52509589041,1110.02330677291,1409.72023904382,"132",ZAUZ,"Zürich, Auzelg",2214.05619178082,2519.74354581673
"99","105",1348.29523287671,1522.91498630137,1585.75474103586,1826.59055776892,"144",BADA,"Zürich, Bad Allenmoos",2871.21021917808,3412.34529880478
"100","106",2165.44323287671,2251.83378082192,2423.21832669323,2491.98984063745,"2017",RADI,"Zürich, Radiostudio",4417.27701369863,4915.20816733068
"101","107",13202.2802465753,14075.6114520548,15332.5782868526,16283.3667729084,"564",BUCH,"Zürich, Bucheggplatz",27277.8916986301,31615.945059761
"102","108",714.609945205479,876.017369863014,813.279880478088,984.481832669323,"1522",LAUI,"Zürich, Laubiweg",1590.62731506849,1797.76171314741
"103","109",8375.59584,8330.82577479452,9791.72175936255,9742.440987251,"2158",SPLA,"Zürich, Schaffhauserplatz",16706.4216147945,19534.1627466136
"104","110",2273.23284931507,2503.38964383562,2677.13637450199,2965.80597609562,"1468",KRON,"Zürich, Kronenstrasse",4776.62249315069,5642.94235059761
"105","111",1159.71649315068,1266.55421917808,1442.48342629482,1563.83278884462,"435",BECK,"Zürich, Beckenhof",2426.27071232876,3006.31621513944
"106","112",2237.17764383562,2221.19695890411,2777.35553784861,2741.99621513944,"2474",STAM,"Zürich, Stampfenbachplatz",4458.37460273973,5519.35175298805
"107","113",20644.6834246575,19378.2314246575,22605.3758964143,21083.6043426295,"413",BQUA,"Zürich, Bahnhofquai/HB",40022.914849315,43688.9802390438
"108","114",25217.7140273973,22459.2632876712,29163.9002390438,26597.3708366534,"416",BSTR,"Zürich, Bahnhofstrasse/HB",47676.9773150685,55761.2710756972
"109","115",12211.6009315068,11717.5262465753,14473.3216733068,14071.3692430279,"2054",RAUG,"Zürich, Rennweg",23929.1271780821,28544.6909163347
"110","116",22398.1486575342,24219.4282465753,26582.8228685259,28650.4903984064,"1861",PARA,"Zürich, Paradeplatz",46617.5769041095,55233.3132669323
"111","117",3402.0915890411,3373.3164109589,4058.02824701195,4148.94553784861,"601",BOES,"Zürich, Börsenstrasse",6775.408,8206.97378486056
"112","118",6973.94819178082,7317.23652054795,7707.56466135458,8052.56729083665,"615",BURK,"Zürich, Bürkliplatz",14291.1847123288,15760.1319521912
"113","119",16698.9391506849,15347.2272876712,19818.9075298805,18276.0876494024,"3039",BSTA,"Zürich, Bahnhof Stadelhofen",32046.1664383561,38094.9951792829
"114","120",5543.17884794521,5674.29783945206,6596.53019721116,6793.86438804781,"1453",KREU,"Zürich, Kreuzplatz",11217.4766873973,13390.394585259
"115","121",1252.88678027397,1252.31945123288,1495.9951187251,1530.08868406374,"2388",SIGN,"Zürich, Signaustrasse",2505.20623150685,3026.08380278884
"116","122",884.979561643836,1170.41857534247,1069.49147410359,1382.50533864542,"1138",HEDW,"Zürich, Hedwigsteig",2055.39813698631,2451.99681274901
"117","123",516.457890410959,291.129643835616,574.540278884462,310.55625498008,"2879",WETL,"Zürich, Wetlistrasse",807.587534246575,885.096533864542
"118","124",1070.09271232877,850.602219178082,1192.99266932271,948.536135458167,"580",BURG,"Zürich, Burgwies",1920.69493150685,2141.52880478088
"119","125",4267.07076712329,4290.71221917808,5350.03581673307,5347.99960159363,"421",BALG,"Zürich, Balgrist",8557.78298630137,10698.0354183267
"120","126",239.757342465753,503.346931506849,283.034462151394,591.2696812749,"894",ENZE,"Zürich, Friedhof Enzenbühl",743.104273972602,874.304143426294
"121","127",1149.90238356164,1258.19421917808,1337.51247011952,1450.40402390438,"2549",REHA,"Zürich, Rehalp",2408.09660273972,2787.9164940239
"122","129",15190.9379178082,14766.1782465753,17958.8013545817,17374.7896414343,"1643",MIBU,"Zürich, Milchbuck",29957.1161643835,35333.590996016
"123","130",1852.456,2268.39046575342,2421.40294820717,2981.57306772908,"1334",IRCH,"Zürich, Universität Irchel",4120.84646575342,5402.97601593625
"124","131",862.428739726027,991.558520547945,963.94641434263,1091.15099601594,"1507",LANM,"Zürich, Langmauerstrasse",1853.98726027397,2055.09741035857
"125","132",1120.85142465753,1213.61235616438,1273.98370517928,1363.17302788845,"1550",LETZ,"Zürich, Letzistrasse",2334.46378082191,2637.15673306773
"126","133",642.249260273973,729.856767123288,727.041513944223,811.378406374502,"1399",KINK,"Zürich, Kinkelstrasse",1372.10602739726,1538.41992031872
"127","134",5103.69522684932,5737.28373726027,5994.13222231076,6663.66411992032,"2367",RIGI,"Zürich, Seilbahn Rigiblick",10840.9789641096,12657.7963422311
"128","135",1311.13747945205,1850.86567123288,1536.67800796813,2127.70768924303,"2924",WINK,"Zürich, Winkelriedstrasse",3162.00315068493,3664.38569721116
"129","136",2058.27789041096,2794.16473972603,2538.96888446215,3461.99175298805,"1098",HALB,"Zürich, Haldenbach",4852.44263013699,6000.9606374502
"130","137",8427.10947945205,9630.4341369863,10744.7497211155,12214.9413545817,"736",ETHZ,"Zürich, ETH/Universitätsspital",18057.5436164383,22959.6910756972
"131","138",2118.89054794521,2900.88819178082,2819.28155378486,3927.85756972112,"1359",KANT,"Zürich, Kantonsschule",5019.77873972603,6747.13912350598
"132","139",6286.81501041096,6074.94799726027,7761.99270438247,7410.53051394422,"1472",KUNS,"Zürich, Kunsthaus",12361.7630076712,15172.5232183267
"133","140",3295.08120547945,3650.33649315068,3932.93792828685,4324.29466135458,"2396",SIHS,"Zürich, Sihlstrasse",6945.41769863013,8257.23258964143
"134","141",19678.1710684931,20369.7231232877,22599.0157768924,23404.7890836653,"2556",STAU,"Zürich, Stauffacher",40047.8941917808,46003.8048605577
"135","142",1329.63794520548,1441.27145205479,1602.82075697211,1712.9774501992,"6238",WERE,"Zürich, Werd",2770.90939726027,3315.79820717131
"136","143",2119.52635616438,2213.39882191781,2407.29609561753,2521.84569721116,"2638",TALW,"Zürich, Talwiesenstrasse",4332.92517808219,4929.14179282869
"137","144",1168.30945205479,1223.57219178082,1243.25541832669,1281.44482071713,"1187",HEUR,"Zürich, Heuried",2391.88164383561,2524.70023904382
"138","145",1231.05260273973,1294.51457534247,1453.49402390438,1507.48828685259,"2666",TIER,"Zürich, Tierspital",2525.5671780822,2960.98231075697
"139","146",1495.55252054795,1511.21830136986,1674.94394422311,1680.02501992032,"2814",WALD,"Zürich, Waldgarten",3006.77082191781,3354.96896414343
"140","147",1344.20156164384,1203.65531506849,1541.20800796813,1359.34051792829,"2326",SCHO,"Zürich, Schörlistrasse",2547.85687671233,2900.54852589642
"141","148",606.736575342466,504.469095890411,694.895418326693,567.817609561753,"1139",HEER,"Zürich, Heerenwiesen",1111.20567123288,1262.71302788845
"142","149",1211.09276712329,1106.44931506849,1395.08015936255,1258.64812749004,"1590",LUEG,"Zürich, Luegisland",2317.54208219178,2653.72828685259
"143","150",1602.64473972603,1526.36315068493,1808.54593625498,1726.97956175299,"1587",LUCH,"Zürich, Luchswiesen",3129.00789041096,3535.52549800797
"144","151",1232.45879452055,1215.54312328767,1399.13537848606,1386.24270916335,"88",ALTR,"Zürich, Altried",2448.00191780822,2785.37808764941
"145","152",902.000356164384,861.211424657534,1012.37111553785,971.063625498008,"1220",HIRZ,"Zürich, Hirzenbach",1763.21178082192,1983.43474103586
"146","153",12929.2181139726,12959.5863975342,14779.1082932271,14853.4263151394,"48",ALBP,"Zürich, Albisriederplatz",25888.8045115068,29632.5346083665
"147","154",272.893068493151,272.438931506849,299.806573705179,299.728167330677,"897",FSIH,"Zürich, Friedhof Sihlfeld",545.332,599.534741035856
"148","155",818.012630136986,846.452794520548,910.450557768924,915.724342629482,"468",BERT,"Zürich, Bertastrasse",1664.46542465753,1826.17490039841
"149","156",2333.52375342466,2444.65482191781,2609.51103585657,2734.99111553785,"3018",ZWIN,"Zürich, Zwinglihaus",4778.17857534247,5344.50215139442
"150","157",1596.5415890411,1675.29021917808,1926.06956175299,2023.56195219124,"1614",MANS,"Zürich, Manesseplatz",3271.83180821918,3949.63151394423
"151","158",6594.3157260274,6510.18506849315,7531.0777689243,7449.63478087649,"2771",SIHN,"Zürich, Sihlcity Nord",13104.5007945206,14980.7125498008
"152","159",3422.24484931507,2952.04682191781,4060.10498007968,3492.48266932271,"2795",WAFF,"Zürich, Waffenplatzstrasse",6374.29167123288,7552.58764940239
"153","160",555.547287671233,544.339534246575,643.932749003984,632.541235059761,"1288",HUEG,"Zürich, Hügelstrasse",1099.88682191781,1276.47398406374
"154","161",577.989726027397,572.362520547945,658.760597609562,646.835139442231,"546",BRUM,"Zürich, Brunau/Mutschellenstr.",1150.35224657534,1305.59573705179
"155","162",633.973095890411,563.021561643836,724.314342629482,632.495258964143,"2659",THUJ,"Zürich, Thujastrasse",1196.99465753425,1356.80960159362
"156","163",480.38695890411,464.602356164384,561.901992031873,548.151075697211,"1354",JUGI,"Zürich, Jugendherberge",944.989315068494,1110.05306772908
"157","164",30.9221095890411,193.821178082192,35.8166932270916,222.320996015936,"470",BESE,"Zürich, Besenrainstrasse",224.743287671233,258.137689243028
"158","165",5115.56073972603,4931.54838356164,5716.27143426295,5499.82509960159,"1660",MORG,"Zürich, Morgental",10047.1091232877,11216.0965338645
"159","166",232.953452054795,827.962164383562,280.347450199203,999.094541832669,"6019",WAFB,"Zürich, Waffenplatz-/Bederstr.",1060.91561643836,1279.44199203187
"160","167",1109.48959205479,1168.07985643836,1262.09048247012,1328.71819760956,"1446",AKRE,"Zürich, Altes Krematorium",2277.56944849315,2590.80868007968
"161","168",5603.3734339726,5195.73220849315,6373.81834023904,5892.98723545817,"1122",HARP,"Zürich, Hardplatz",10799.1056424658,12266.8055756972
"162","169",9074.16444164384,8504.17711479452,10766.4913593625,10121.0507047809,"3029",HSBB,"Zürich, Bahnhof Hardbrücke",17578.3415564384,20887.5420641434
"163","170",5367.06266739726,5302.09613945205,6410.29172749004,6346.58956533865,"6759",SBAU,"Zürich, Schiffbau",10669.1588068493,12756.8812928287
"164","171",9059.16073369863,8984.60031616438,10706.2689952191,10614.1918940239,"799",EWYS,"Zürich, Escher-Wyss-Platz",18043.761049863,21320.460889243
"165","172",2977.13474054795,2865.46826273973,3425.0259374502,3262.23293187251,"2104",ROSE,"Zürich, Rosengartenstrasse",5842.60300328768,6687.25886932271
"166","174",367.236301369863,209.362356164384,429.17358565737,239.754501992032,"6825",USEN,"Unterengstringen, Sennenbüel",576.598657534247,668.928087649402
"167","175",197.709616438356,179.56501369863,228.85,198.19,"1498",LANA,"Unterengstringen, Langacher",377.274630136986,427.04
"168","176",517.314602739726,493.160109589041,594.23,566.5,"1862",PAEN,"Oberengstringen, Paradies",1010.47471232877,1160.73
"169","177",466.394821917808,463.596,546.01,545.78,"2984",OBEE,"Oberengstringen, Zentrum",929.990821917808,1091.79
"170","178",299.09298630137,297.677150684932,342.04,336.2,"1516",LANZ,"Oberengstringen, Lanzrain",596.770136986302,678.24
"171","179",159.339479452055,180.119260273973,178.69,202.39,"748",EGGB,"Oberengstringen, Eggbühl",339.458739726028,381.08
"172","180",3142.07605479452,2978.85610958904,3654.09992031873,3475.75521912351,"872",FRAN,"Zürich, Frankental",6120.93216438356,7129.85513944224
"173","181",3725.56419178082,3586.21731506849,4537.9858565737,4263.94613545817,"5001",BALN,"Zürich, Bahnhof Altstetten N",7311.78150684931,8801.93199203187
"174","182",179.640849315068,367.070273972603,215.81,441.33,"2751",USNO,"Unterengstringen, Sennenbüel N",546.711123287671,657.14
"175","183",232.809643835616,214.139123287671,264.514820717131,244.77984063745,"743",ECKS,"Unterengstringen, Eckstein",446.948767123287,509.294661354581
"176","184",62.6286301369863,59.7913150684931,68.8494422310757,67.9098406374502,"6724",ULAN,"Unterengstringen, Langwisen",122.419945205479,136.759282868526
"177","185",139.287397260274,123.938767123288,158.398486055777,138.332310756972,"2631",TAWI,"Schlieren, Talacker-Windegg",263.226164383562,296.730796812749
"178","186",203.948356164384,161.704794520548,241.491195219124,190.543466135458,"838",FSTR,"Schlieren, Feldstrasse",365.653150684932,432.034661354582
"179","187",1255.21698630137,1277.19339726027,1467.54326693227,1480.37541832669,"6347",SCHB,"Schlieren, Bahnhof",2532.41038356164,2947.91868525896
"180","188",1114.70765315069,1535.49179260274,1343.63375856574,1786.8257940239,"2236",SCHL,"Schlieren, Zentrum/Bahnhof",2650.19944575343,3130.45955258964
"181","189",295.148931506849,278.808219178082,353.616573705179,326.630996015936,"550",BRUG,"Schlieren, Brunngasse",573.957150684931,680.247569721115
"182","190",69.9838904109589,95.4371232876712,83.6772111553785,107.957171314741,"1694",NASS,"Schlieren, Nassacker",165.42101369863,191.63438247012
"183","191",74.3482191780822,118.188328767123,85.9424701195219,141.543585657371,"1151",HEIM,"Schlieren, Heimeliweg",192.536547945205,227.486055776893
"184","192",325.639917808219,305.673150684931,399.102430278884,377.791155378486,"2436",SPLI,"Schlieren, Spital Limmattal",631.31306849315,776.89358565737
"185","193",402.870219178082,451.906136986301,492.19,558.968446215139,"831",FEGG,"Urdorf, Feldegg",854.776356164383,1051.15844621514
"186","194",253.476575342466,200.55904109589,311.63,244.77,"2238",SCHS,"Urdorf, Schlierenstrasse",454.035616438356,556.4
"187","195",208.995217534247,229.532523287671,254.8744,280.161,"1731",NURD,"Urdorf, Niederurdorf",438.527740821918,535.0354
"188","196",222.414117260274,217.817229589041,276.5328,264.4888,"1725",NEUT,"Urdorf, Neumatt",440.231346849315,541.0216
"189","197",450.390846027397,315.969244931507,524.8988,366.6544,"2440",SPIT,"Urdorf, Spitzacker",766.360090958904,891.5532
"190","198",149.252712328767,208.260219178082,177.66,232.6,"2732",UITI,"Urdorf, Uitikonerstrasse",357.512931506849,410.26
"191","199",264.630136986301,371.235287671233,305.7,454.32,"2767",BWEI,"Urdorf Weihermatt, Bahnhof",635.865424657534,760.02
"192","200",48.9373150684931,102.071643835616,59.46,118.93,"29",AEGU,"Unterengstringen, Aegelsee",151.008958904109,178.39
"193","201",184.220082191781,166.024849315069,212.278764940239,197.054940239044,"125",AUSW,"Weiningen ZH, Ausserdorf",350.24493150685,409.333705179283
"194","202",215.174493150685,217.636246575342,248.4303187251,252.101474103586,"1571",WLIN,"Weiningen ZH, Lindenplatz",432.810739726027,500.531792828686
"195","203",273.700246575342,234.659917808219,374.927689243028,321.475577689243,"2268",SWEI,"Weiningen ZH, Schulhaus",508.360164383561,696.403266932271
"196","204",38.9074246575342,35.9874794520548,46.4621115537849,42.0216334661355,"2869",WELB,"Geroldswil, Welbrig",74.894904109589,88.4837450199204
"197","205",198.122340821918,231.44477369863,229.756232669323,276.863674900398,"701",DOGE,"Geroldswil, Dorfstrasse",429.567114520548,506.619907569721
"198","206",646.600664109589,611.916371506849,772.117937848606,738.665321115538,"2982",ZENT,"Geroldswil, Zentrum",1258.51703561644,1510.78325896414
"199","207",116.667056438356,120.360475068493,132.35982310757,146.52324063745,"1028",GRIN,"Geroldswil, Grindlen",237.027531506849,278.88306374502
"200","208",221.57410739726,245.901402739726,264.53310438247,294.948494023904,"548",BRUS,"Fahrweid, Brunaustrasse",467.475510136986,559.481598406374
"201","209",302.323380273973,341.156814246575,356.785792031873,406.41361434263,"815",FAAU,"Fahrweid, Au",643.480194520548,763.199406374503
"202","210",191.156892054795,240.77591890411,233.487990438247,285.688965737052,"1556",LIMB,"Fahrweid, Limmatbrücke",431.932810958905,519.176956175299
"203","211",97.1507435616438,161.20888109589,104.4714,173.2016,"6894",DHEI,"Dietikon, Heimstrasse",258.359624657534,277.673
"204","212",6238.40985589041,5704.35027178082,7552.09441195219,6934.2892,"657",BDIE,"Dietikon, Bahnhof",11942.7601276712,14486.3836119522
"205","213",87.7386575342466,55.7561917808219,97.4511155378486,67.9920717131474,"3183",AEGW,"Weiningen ZH, Aegelsee",143.494849315069,165.443187250996
"206","215",2428.10054794521,2701.16071232877,2730.9028685259,3014.78772908367,"478",BEZI,"Zürich, Bezirksgebäude",5129.26126027398,5745.69059760957
"207","216",2905.44926027397,2518.48079452055,3545.59370517928,3105.47764940239,"1456",KRES,"Zürich, Kreuzstrasse",5423.93005479452,6651.07135458167
"208","217",3249.30380821918,3313.43969863014,4049.85143426295,4078.8935059761,"832",FELD,"Zürich, Feldeggstrasse",6562.74350684932,8128.74494023905
"209","218",5270.11891780822,5080.55063342466,6159.03890438247,6006.67104063745,"1286",HOES,"Zürich, Höschgasse",10350.6695512329,12165.7099450199
"210","219",3421.99901780822,3350.54017452055,3890.42626095618,3782.76475577689,"917",FROE,"Zürich, Fröhlichstrasse",6772.53919232877,7673.19101673307
"211","220",1717.87570164384,1724.91717534247,2020.42841075697,2007.98425896414,"2907",WILD,"Zürich, Wildbachstrasse",3442.79287698631,4028.41266972111
"212","221",7037.11849315069,7277.11769863014,7995.21868525896,8258.80581673307,"1357",KALK,"Zürich,Kalkbreite/Bhf.Wiedikon",14314.2361917808,16254.024501992
"213","222",4154.09312328767,4122.26915068493,4519.02665338645,4517.03322709163,"1579",LOCH,"Zürich, Lochergut",8276.3622739726,9036.05988047808
"214","223",1945.15082191781,1885.0261369863,2199.08442231076,2114.8815936255,"3019",ZYPR,"Zürich, Zypressenstrasse",3830.17695890411,4313.96601593626
"215","224",1425.45975342466,1486.37778082192,1555.24163346614,1550.11717131474,"1548",LETG,"Zürich, Letzigrund",2911.83753424658,3105.35880478088
"216","225",2530.60575342466,2348.71309589041,2908.54685258964,2689.65577689243,"883",FREI,"Zürich, Freihofstrasse",4879.31884931507,5598.20262948207
"217","226",3553.24419178082,3621.65569863014,4611.16848605578,4704.28609561753,"1364",KAPP,"Zürich, Kappeli",7174.89989041096,9315.45458167331
"218","227",1324.55695890411,1331.44339726027,1528.80920318725,1539.6803187251,"1026",GRIM,"Zürich, Grimselstrasse",2656.00035616438,3068.48952191235
"219","228",538.637671232877,535.475917808219,624.492549800797,615.769123505976,"137",BACH,"Zürich, Bachmattstrasse",1074.1135890411,1240.26167330677
"220","229",5310.77482575342,5138.35690410959,6068.25307330677,5853.33294820717,"821",FARB,"Zürich, Farbhof",10449.131729863,11921.5860215139
"221","231",1512.32243835616,1536.80542465753,1930.27207171315,1957.03513944223,"927",FOER,"Zürich, Förrlibuckstrasse",3049.12786301369,3887.30721115538
"222","232",1547.7021369863,1503.53926027397,1943.83729083665,1894.03605577689,"857",FWEG,"Zürich, Fischerweg",3051.24139726027,3837.87334661354
"223","233",1072.38594520548,1071.48863013699,1377.80864541833,1373.38553784861,"467",BERO,"Zürich, Bernoulli-Häuser",2143.87457534247,2751.19418326694
"224","234",880.110082191781,970.152684931507,905.493466135458,978.60984063745,"2447",SPOH,"Zürich, Hardturm",1850.26276712329,1884.10330677291
"225","235",198.789369863014,181.420219178082,211.453705179283,194.006374501992,"1120",HARH,"Zürich, Hardhof",380.209589041096,405.460079681275
"226","236",1002.06810958904,1000.39197260274,1160.34270916335,1150.03247011952,"1041",GRUN,"Zürich, Grünaustrasse",2002.46008219178,2310.37517928287
"227","237",751.496191780822,784.554602739726,888.279561752988,927.678685258964,"592",BAEN,"Zürich, Bändliweg",1536.05079452055,1815.95824701195
"228","238",489.219479452055,486.759589041096,559.682988047809,553.318844621514,"2872",WERD,"Zürich, Werdhölzli",975.979068493151,1113.00183266932
"229","239",2885.5224109589,2829.68490410959,3357.4635059761,3299.92306772908,"648",DAMM,"Zürich, Dammweg",5715.20731506849,6657.38657370518
"230","240",3134.85901369863,3159.05526027397,3650.07896414343,3660.00123505976,"2014",QUEL,"Zürich, Quellenstrasse",6293.9142739726,7310.08019920319
"231","241",14271.7456986301,13969.919369863,16377.3756972112,16046.6697609562,"1557",LIMM,"Zürich, Limmatplatz",28241.6650684931,32424.0454581674
"232","242",2543.9515890411,2805.6764109589,3124.61860557769,3464.7938247012,"1667",MUFG,"Zürich, Museum für Gestaltung",5349.628,6589.41243027889
"233","243",10299.3582191781,10073.3451506849,12079.9770916335,12098.8487649402,"2395",SIHL,"Zürich, Sihlquai/HB",20372.703369863,24178.8258565737
"234","244",23541.3808339726,21326.9196419178,25789.5211330677,23057.1715111554,"412",BPLA,"Zürich, Bahnhofplatz/HB",44868.3004758904,48846.6926442231
"235","246",6995.39541178082,6307.10286054795,7985.91368645418,7200.05651035857,"1608",LOEW,"Zürich, Löwenplatz",13302.4982723288,15185.9701968128
"236","247",5518.94451315068,6517.62980191781,6327.57990956175,7539.74381553785,"1366",SIHP,"Zürich, Sihlpost / HB",12036.5743150685,13867.3237250996
"237","248",18764.4422723288,18897.3794860274,21349.6831450199,21726.137459761,"619",CENT,"Zürich, Central",37661.8217583562,43075.8206047809
"238","249",1003.13263013699,902.13504109589,1131.85669322709,1010.02992031873,"2937",WIPK,"Zürich, Wipkingerplatz",1905.26767123288,2141.88661354582
"239","250",853.607150684932,880.350630136986,956.318605577689,983.425976095618,"2800",WAIF,"Zürich, Waidfussweg",1733.95778082192,1939.74458167331
"240","251",366.814684931507,429.616630136986,409.189641434263,467.412709163347,"800",EGUT,"Zürich, Eschergutweg",796.431315068493,876.60235059761
"241","252",300.329369863014,371.506164383562,330.751075697211,406.404422310757,"67",ATRO,"Zürich, Alte Trotte",671.835534246576,737.155498007968
"242","253",1063.85769863014,975.068301369863,1196.42430278884,1089.57772908367,"2306",SCHT,"Zürich, Schwert",2038.926,2286.00203187251
"243","254",859.510410958904,698.907534246575,983.983585657371,791.159322709163,"2899",WIES,"Zürich, Wieslergasse",1558.41794520548,1775.14290836653
"244","255",285.109917808219,276.269424657534,335.361832669323,320.319362549801,"2402",SING,"Zürich, Singlistrasse",561.379342465753,655.681195219124
"245","256",465.233671232877,596.723917808219,545.390796812749,684.513505976096,"2364",SEGA,"Zürich, Segantinistrasse",1061.9575890411,1229.90430278885
"246","257",310.435753424658,426.679424657534,351.249442231076,477.859402390438,"979",GIBL,"Zürich, Giblenstrasse",737.115178082192,829.108844621514
"247","258",589.428109589041,654.982383561644,732.651075697211,803.186573705179,"1156",HEIZ,"Zürich, Heizenholz",1244.41049315068,1535.83764940239
"248","259",885.922328767123,825.148547945205,1058.60585657371,958.958406374502,"944",GEER,"Zürich, Geeringstrasse",1711.07087671233,2017.56426294821
"249","260",91.8692602739726,107.623397260274,115.72,134.66,"3122",RIEH,"Zürich, Riedhofstrasse",199.492657534247,250.38
"250","261",1116.76216438356,1215.17819178082,1397.94075697211,1529.66780876494,"2055",RENT,"Zürich, Rentenanstalt",2331.94035616438,2927.60856573705
"251","262",4614.68715068493,4602.87698630137,5787.33589641434,5766.63976095618,"199",BEDE,"Zürich, Bahnhof Enge/Bederstr.",9217.5641369863,11553.9756573705
"252","263",1694.07394520548,1756.49956164384,1932.51398406375,1978.58669322709,"586",BUTZ,"Zürich, Butzenstrasse",3450.57350684932,3911.10067729084
"253","264",3708.66293150685,3820.43608219178,4221.39916334661,4294.23796812749,"2950",WOLL,"Zürich, Wollishofen",7529.09901369863,8515.6371314741
"254","265",132.40098630137,278.062438356164,151.78,312.15,"649",DANG,"Zürich, Dangelstrasse",410.463424657534,463.93
"255","266",156.933671232877,165.066739726027,172.27,184,"2612",SUNN,"Zürich, Sunnau",322.000410958904,356.27
"256","267",88.7957808219178,126.527561643836,109.72,157.42,"6437",GRUT,"Adliswil, Grüt",215.323342465754,267.14
"257","268",60.0898082191781,52.6653150684932,69.94,62.72,"2660",TIAK01,"Adliswil, Tiefacker",112.755123287671,132.66
"258","269",27.0014246575342,28.9613756438356,31.56,34.37961,"1462",KROA01,"Adliswil, Krone",55.9628003013698,65.93961
"259","270",113.623780821918,112.645808219178,126.7,127.36,"148",ABAD01,"Adliswil, Badstrasse",226.269589041096,254.06
"260","271",90.7849589041096,107.338519123288,110.31,128.68948,"1227",HOFA01,"Adliswil, Hofackerstrasse",198.123478027398,238.99948
"261","272",126.779315068493,112.942950493151,159.45,144.31943,"6594",AHOR,"Adliswil, Ahornweg",239.722265561644,303.76943
"262","273",119.848301369863,101.921424657534,157.813187250996,129.2,"6593",EWEG,"Adliswil, Eichenweg",221.769726027397,287.013187250996
"263","274",131.485534246575,156.590904109589,151.78,179.74,"6492",RPAR,"Rüschlikon, Park im Grüene",288.076438356164,331.52
"264","275",38.3112328767123,36.3471506849315,51.94,49.21,"1657",MOOS,"Rüschlikon, Moosstrasse",74.6583835616438,101.15
"265","276",44.6708493150685,53.434904109589,53.86,62.36,"6448",EGGR,"Rüschlikon, Eggrain",98.1057534246575,116.22
"266","277",105.924356164384,130.425452054795,133.11,155.47,"6447",LRAI,"Rüschlikon, Loorain",236.349808219179,288.58
"267","278",121.946356164384,143.761643835616,167.18,192.98,"3187",RSAU,"Rüschlikon, Säumerstrasse",265.708,360.16
"268","279",148.285205479452,189.887835616438,183.64,232.34,"443",BELV,"Rüschlikon, Belvoir",338.17304109589,415.98
"269","280",17.2242739726027,28.4287671232877,21.02,36.04,"1505",LANH,"Rüschlikon, Langhaldenstrasse",45.6530410958904,57.06
"270","281",34.2958904109589,45.7153150684931,42.18,53.51,"2852",WEID,"Rüschlikon, Weidstrasse",80.011205479452,95.69
"271","282",330.012136986301,311.460876712329,419.09,397.1,"3186",RUEB,"Rüschlikon, Bahnhof",641.47301369863,816.19
"272","283",45.5175890410959,46.7197534246575,54.38,56.43,"515",BODE,"Rüschlikon, Bodengasse",92.2373424657534,110.81
"273","284",219.465178082192,188.902219178082,262.05,227.83,"410",BSRU,"Rüschlikon, Schlossstrasse",408.367397260274,489.88
"274","285",199.088794520548,180.021780821918,243.73,221.99,"2262",SORU,"Kilchberg ZH, Schooren",379.110575342466,465.72
"275","286",104.945835616438,79.1307397260274,124.39,94.6,"3775",BEND,"Kilchberg ZH, Bendlikon",184.076575342465,218.99
"276","287",74.8447123287671,66.1977534246575,89.36,78.82,"1864",PARU,"Kilchberg ZH, Paradiesstrasse",141.042465753425,168.18
"277","288",371.665205479452,344.60101369863,422.52,390.55,"2461",STAD,"Zürich, Stadtgrenze",716.266219178082,813.07
"278","289",237.390328767123,200.139698630137,264.83,224.27,"2834",SEER,"Zürich, Seerose",437.53002739726,489.1
"279","290",180.195479452055,180.173671232877,174.31,193.13,"2109",ROTE,"Zürich, Rote Fabrik",360.369150684932,367.44
"280","291",333.855917808219,292.841397260274,369.65,330.03,"3774",BWOB,"Zürich, Bhf Wollishofen (Bus)",626.697315068493,699.68
"281","292",91.4747945205479,82.6429315068493,89.08,87.67,"3141",LAND,"Zürich, Landiwiese",174.117726027397,176.75
"282","293",164.918356164384,176.021863013699,146.18,162.52,"3522",SUKK,"Zürich, Sukkulentensammlung",340.940219178083,308.7
"283","294",167.934,186.321178082192,212.33,239.45,"3477",SRUC,"Zürich, Schweizer Rück",354.255178082192,451.78
"284","295",277.276607315068,337.31704109589,319.80917,396.28,"1401",KILB,"Kilchberg ZH, Kirche",614.593648410958,716.08917
"285","296",61.9515068493151,95.0124657534247,75.14,114.37,"118",AUFB,"Kilchberg ZH, Auf Brunnen",156.96397260274,189.51
"286","297",99.4313698630137,166.107493643836,122.03,205.09018,"2304",KSCH,"Kilchberg ZH, Schwelle",265.53886350685,327.12018
"287","298",76.5299163835616,96.5902191780822,97.78948,121.99,"1457",KREK,"Kilchberg ZH, Kreuzstrasse",173.120135561644,219.77948
"288","299",101.216410958904,92.7555068493151,122.87,108.22,"2154",SANK,"Kilchberg ZH, Sanatorium",193.971917808219,231.09
"289","300",61.9701917808219,100.702109589041,78.32,125.49,"1863",PAKI,"Kilchberg ZH, Paradiessteig",162.672301369863,203.81
"290","301",66.8793150684932,90.5307123287671,80.21,102.49,"1249",HORN,"Kilchberg ZH, Hornhaldenstr.",157.41002739726,182.7
"291","302",48.6289315068493,51.7395068493151,59.88,63.3,"2859",WEIK,"Kilchberg ZH, Weinbergstrasse",100.368438356164,123.18
"292","303",4010.78134246575,3699.228,4518.41653386454,4148.73107569721,"2346",SEEB,"Zürich, Seebach",7710.00934246575,8667.14760956175
"293","304",2390.40449315069,2202.34484931507,2692.76581673307,2450.18737051793,"1275",SEPL,"Zürich, Seebacherplatz",4592.74934246576,5142.953187251
"294","305",272.941260273973,298.857205479452,337.8,365.2,"1175",HERT,"Zürich, Hertensteinstrasse",571.798465753425,703
"295","306",1054.75060273973,1220.19487671233,1204.02545816733,1382.81509960159,"573",BUHN,"Zürich, Buhnstrasse",2274.94547945206,2586.84055776892
"296","307",77.8212328767123,75.7172876712329,92.65,90.43,"896",FSWA,"Zürich, Friedhof Schwandenholz",153.538520547945,183.08
"297","308",101.283397260274,112.917397260274,128.5,143.85,"3768",STBU,"Zürich, Staudenbühl",214.200794520548,272.35
"298","309",16.9403561643836,14.1592876712329,18.25,15.62,"1292",HUER,"Zürich, Hürstholz",31.0996438356165,33.87
"299","310",93.8376712328767,137.326520547945,114.03,165.16,"3706",AHOS,"Zürich, Althoos",231.164191780822,279.19
"300","311",98.4160821917808,140.097479452055,113.17,158.04,"1611",MAIE,"Zürich, Maienweg",238.513561643836,271.21
"301","312",17.9105479452055,26.4224383561644,21.93,30.97,"1445",KNOR,"Zürich, Krematorium Nordheim",44.3329863013699,52.9
"302","313",12.331397260274,22.1287671232877,12.9,23.7,"1744",NORH,"Zürich, Nordheimstrasse",34.4601643835617,36.6
"303","314",30.9465479452055,17.717397260274,37.57,21.09,"3587",BERU,"Zürich, Berufswahlschule",48.6639452054795,58.66
"304","316",1148.62649315068,968.82501369863,1270.73764940239,1084.04338645418,"2005",PWOL,"Zürich, Post Wollishofen",2117.45150684931,2354.78103585657
"305","317",1461.1224109589,1211.43750684932,1669.26701195219,1371.13764940239,"3044",BWOL,"Zürich, Bhf Wollishofen (Tram)",2672.55991780822,3040.40466135458
"306","318",774.519616438356,837.224383561644,940.342629482072,1006.42589641434,"488",BILO,"Zürich, Billoweg",1611.744,1946.76852589641
"307","319",1058.858,1137.90493150685,1189.10760956175,1273.29155378486,"547",BRUN,"Zürich, Brunaustrasse",2196.76293150685,2462.39916334661
"308","320",1222.5442739726,1424.61567123288,1460.10111553785,1686.91211155378,"1666",MUSR,"Zürich, Museum Rietberg",2647.15994520548,3147.01322709163
"309","321",7500.16616438356,6819.35178082192,8831.66784860558,8069.7641434263,"3026",ENGE,"Zürich, Bahnhof Enge",14319.5179452055,16901.4319920319
"310","322",2823.36736986301,3331.82646575342,3698.98633466135,4368.71131474104,"1889",PLAT,"Zürich, Platte",6155.19383561643,8067.69764940239
"311","323",483.110164383562,647.935397260274,550.029123505976,771.895697211155,"2788",VOLT,"Zürich, Voltastrasse",1131.04556164384,1321.92482071713
"312","324",3755.71830410959,4299.02441013699,4391.34956573705,5046.34497888446,"1407",KFLU,"Zürich, Kirche Fluntern",8054.74271424658,9437.69454462151
"313","325",1526.63339726027,1226.17597260274,1932.36043824701,1525.90043824701,"2550",SAAL,"Zürich, Saalsporthalle",2752.80936986301,3458.26087649402
"314","326",2584.83550684932,2444.44128767123,3138.73944223108,2986.31525896414,"1519",LAUB,"Zürich, Laubegg",5029.27679452055,6125.05470119522
"315","327",350.044904109589,427.488767123288,398.350557768924,479.974262948207,"128",AUSS,"Zürich, Ausserdorfstrasse",777.533671232877,878.324820717131
"316","328",817.004904109589,931.177123287671,929.704980079681,1052.46928286853,"497",BIGL,"Zürich, Birch-/Glatttalstrasse",1748.18202739726,1982.17426294821
"317","329",820.051506849315,760.104301369863,935.78764940239,859.169362549801,"1532",LEIM,"Zürich, Leimgrübelstrasse",1580.15580821918,1794.95701195219
"318","330",495.115178082192,580.253945205479,561.046215139442,654.388486055777,"1483",KAES,"Zürich, Käshaldenstrasse",1075.36912328767,1215.43470119522
"319","331",392.313342465753,352.717863013699,446.375498007968,399.476972111554,"6304",KOES,"Zürich, Köschenrüti",745.031205479452,845.852470119522
"320","332",851.888164383562,744.322739726027,957.173227091633,838.042151394422,"2320",SCHG,"Zürich, Schönauring",1596.21090410959,1795.21537848605
"321","333",535.517095890411,640.82197260274,620.402310756972,739.024541832669,"6250",HIMM,"Zürich, Himmeri",1176.33906849315,1359.42685258964
"322","334",465.100082191781,416.255835616438,553.904342629482,502.431075697211,"3804",NBRU,"Zürich, Neunbrunnen",881.355917808219,1056.33541832669
"323","335",520.190767123288,459.98501369863,647.495179282869,575.461952191235,"3789",BOLL,"Zürich, Bollingerweg",980.175780821918,1222.9571314741
"324","336",7205.04624657534,7386.07553424658,8611.76406374502,8773.42569721116,"3447",BOEO,"Zürich, Bahnhof Oerlikon Ost",14591.1217808219,17385.1897609562
"325","337",751.759863013699,660.925260273973,906.724183266932,803.811314741036,"694",DORF,"Zürich, Dorflinde",1412.68512328767,1710.53549800797
"326","338",585.002109589041,659.742630136986,661.563147410359,740.331553784861,"888",FRIA,"Zürich, Friedackerstrasse",1244.74473972603,1401.89470119522
"327","339",145.675068493151,194.647698630137,156.671474103586,208.352629482072,"908",FROB,"Zürich, Frohburg",340.322767123288,365.024103585658
"328","340",181.120273972603,263.918410958904,201.930039840637,295.801593625498,"901",FRDR,"Zürich, Friedrichstrasse",445.038684931507,497.731633466135
"329","341",223.185342465753,246.654657534247,277.113027888446,307.929760956175,"6626",BLUM,"Zürich, Blumenfeldstrasse",469.84,585.042788844621
"330","342",383.16197260274,362.665205479452,462.426454183267,433.577290836653,"6627",ASPH,"Zürich, Aspholz",745.827178082192,896.00374501992
"331","343",206.499726027397,210.998465753425,225.70406374502,232.768525896414,"6628",MUEH,"Zürich, Mühlacker",417.498191780822,458.472589641434
"332","344",3168.63781863014,2923.80744958904,3603.59881992032,3324.41688884462,"3043",BWIP,"Zürich, Bahnhof Wipkingen",6092.44526821918,6928.01570876494
"333","345",358.599295616438,349.585610410959,435.271047410359,418.779114741036,"1753",NUER,"Zürich, Nürenbergstrasse",708.184906027397,854.050162151395
"334","346",1954.46517561644,1992.03644821918,2212.78031513944,2231.8455123506,"2108",ROTB,"Zürich, Rotbuchstrasse",3946.50162383562,4444.62582749004
"335","347",638.140576712329,670.509395616438,732.02330876494,770.085137051793,"2164",SCHZ,"Zürich, Scheuchzerstrasse",1308.64997232877,1502.10844581673
"336","348",404.737478356164,387.007174246575,475.760436653386,459.827564143426,"2779",VOGE,"Zürich, Vogelsangstrasse",791.744652602739,935.588000796812
"337","349",446.156387945205,692.740271780822,504.412078087649,789.688443027888,"2451",SPYR,"Zürich, Spyriplatz",1138.89665972603,1294.10052111554
"338","350",157.40040630137,506.349853424658,186.249754183267,608.937715139442,"471",BETH,"Zürich, Bethanien",663.750259726028,795.187469322709
"339","351",1386.75891780822,1703.29513013699,1587.24093625498,1931.03646414343,"2673",TOBL,"Zürich, Toblerplatz",3090.05404794521,3518.27740039841
"340","352",397.806956164384,223.651422191781,477.317605577689,268.712187649402,"1194",HINT,"Zürich, Hinterbergstrasse",621.458378356165,746.029793227091
"341","353",3227.8574830137,3146.09893753425,3779.02677808765,3686.09275776892,"1252",HUBE,"Zürich, Hubertus",6373.95642054795,7465.11953585657
"342","354",788.852652054795,598.08992,907.028717131474,674.859803984064,"3155",ALTW,"Zürich, Schulhaus Altweg",1386.9425720548,1581.88852111554
"343","355",304.511475890411,427.861324109589,344.566170119522,503.979335856574,"3469",HOFS,"Zürich, Hofstrasse",732.3728,848.545505976096
"344","356",267.347908767123,381.291745479452,309.67544501992,435.638514342629,"3648",KLOB,"Zürich, Klosbach",648.639654246575,745.313959362549
"345","357",170.434942465753,212.114564109589,198.964677290837,245.866637051793,"3470",HSTG,"Zürich, Hölderlinsteig",382.549506575342,444.83131434263
"346","358",8841.30379780822,9087.84653780822,10432.7172358566,10643.8483119522,"1430",KLUS,"Zürich, Klusplatz",17929.1503356164,21076.5655478088
"347","359",545.488252054795,620.926019452055,642.017139442231,730.075088047809,"3466",FRST,"Zürich, Freiestrasse",1166.41427150685,1372.09222749004
"348","360",319.528080821918,406.148998082192,389.016013944223,496.54758685259,"2450",SPRE,"Zürich, Sprecherstrasse",725.67707890411,885.563600796813
"349","361",1826.22543232877,2011.93445561644,2252.08411474104,2409.10847131474,"1724",NEUM,"Zürich, Neumarkt",3838.15988794521,4661.19258605578
"350","362",1082.94682082192,1232.23943561644,1211.17426135458,1366.35180876494,"1358",KANO,"Zürich, Kanonengasse",2315.18625643836,2577.52607011952
"351","363",4864.5280939726,5104.3627690411,5054.67973824701,5417.03992310757,"1644",MILA,"Zürich, Militär-/Langstrasse",9968.8908630137,10471.7196613546
"352","364",2276.97467972603,2427.1060539726,2547.10345856574,2663.38179163347,"1234",BANL,"Zürich, Bäckeranlage",4704.08073369863,5210.48525019921
"353","365",1372.27474712329,1330.25187506849,1581.5086561753,1534.54432031873,"1076",GUET,"Zürich, Güterbahnhof",2702.52662219178,3116.05297649403
"354","366",658.288776438356,721.796421917808,696.834276494024,759.639537848606,"1162",HERD,"Zürich, Herdernstrasse",1380.08519835616,1456.47381434263
"355","367",332.992159452055,398.124982739726,386.540431075697,468.12198685259,"2366",SEID,"Zürich, Seidelhof",731.117142191781,854.662417928287
"356","368",630.864330684931,616.331971232877,740.60147689243,730.727169322709,"1640",MICA,"Zürich, Micafil",1247.19630191781,1471.32864621514
"357","369",602.49135890411,658.377893972603,760.968709163347,838.787694422311,"1690",MULL,"Schlieren, Mülligen",1260.86925287671,1599.75640358566
"358","370",1052.46108438356,1148.21098054795,1283.18101912351,1402.93720278884,"935",GASO,"Schlieren, Gasometerbrücke",2200.67206493151,2686.11822191235
"359","371",443.729877534247,391.987624657534,506.442212350598,448.735310756972,"2798",WAGO,"Schlieren, Wagonsfabrik",835.717502191781,955.17752310757
"360","372",1662.92707726027,1529.13534219178,1963.49770199203,1822.47968087649,"2237",SZEN,"Schlieren, Zentrum",3192.06241945205,3785.97738286852
"361","373",708.417705205479,646.257158356164,838.006184860558,767.005031075697,"1592",LUGG,"Zürich, Luggwegstrasse",1354.67486356164,1605.01121593626
"362","374",1562.28531260274,1622.45877643836,1711.79437888446,1783.94993386454,"3148",LETP,"Zürich, Letzipark",3184.7440890411,3495.744312749
"363","375",836.696148493151,855.915459178082,1015.54061434263,1035.31706215139,"2142",SBBW,"Zürich, SBB-Werkstätte",1692.61160767123,2050.85767649402
"364","376",205.943836986301,326.732526027397,228.998966135458,370.512557768924,"1362",KAPF,"Zürich, Kapfstrasse",532.676363013698,599.511523904382
"365","377",90.5601364383562,143.856705753425,100.772588844622,166.460149800797,"2251",SYFI,"Zürich, Schlyfi",234.416842191781,267.232738645419
"366","378",538.701942191781,550.269753972603,614.389039442231,618.166773705179,"713",DRUS,"Zürich, Drusbergstrasse",1088.97169616438,1232.55581314741
"367","379",236.887101643836,313.478862739726,265.943275298805,350.458465737052,"2836",WASE,"Zürich, Waserstrasse",550.365964383562,616.401741035857
"368","380",1669.91365205479,1655.71737479452,1957.17614741036,1953.61877211155,"617",CARL,"Zürich, Carl-Spitteler-Strasse",3325.63102684931,3910.79491952191
"369","381",205.304399178082,393.005724931507,228.207871314741,432.193145816733,"455",BERH,"Zürich, Berghaldenstrasse",598.310124109589,660.401017131474
"370","382",1361.73207534247,1296.67035863014,1566.6989940239,1490.22068087649,"1584",LOOR,"Zürich, Loorenstrasse",2658.40243397261,3056.91967490039
"371","383",349.269456438356,430.511226849315,395.064388844622,479.896843824701,"3011",ZWEI,"Zürich, Zweiackerstrasse",779.780683287671,874.961232669323
"372","384",903.145649589041,951.08488,1040.45984900398,1080.37347091633,"1389",KIEN,"Zürich, Kienastenwies",1854.23052958904,2120.83331992031
"373","385",748.667232876712,835.977205479452,891.331075697211,987.321992031872,"2128",ROES,"Zürich, Röslistrasse",1584.64443835616,1878.65306772908
"374","386",1173.41493150685,1291.71180821918,1383.87932270916,1511.80434262948,"1856",OTTI,"Zürich, Ottikerstrasse",2465.12673972603,2895.68366533864
"375","387",1280.42797260274,1466.19506849315,1559.83438247012,1821.33346613546,"2411",SONN,"Zürich, Sonneggstrasse",2746.62304109589,3381.16784860558
"376","388",2115.33279452055,2594.26484931507,2578.92721115538,3160.93039840637,"1100",HEGG,"Zürich, Haldenegg",4709.59764383562,5739.85760956175
"377","389",2285.51654794521,2215.79517808219,2500.06916334661,2479.77227091633,"2113",RBRU,"Zürich, Rudolf-Brun-Brücke",4501.3117260274,4979.84143426294
"378","390",2702.17484931507,2664.32093150685,2950.89338645418,2931.79729083665,"2030",RATH,"Zürich, Rathaus",5366.49578082192,5882.69067729083
"379","391",1967.28419178082,1896.98463013699,2147.98784860558,2140.49342629482,"1157",HELM,"Zürich, Helmhaus",3864.26882191781,4288.4812749004
"380","392",6629.85150684932,6561.35389041096,8581.01729083665,8458.28370517928,"2582",STOC,"Zürich, Stockerstrasse",13191.2053972603,17039.3009960159
"381","393",2317.11794520548,2158.82852054795,3030.23231075697,2808.20577689243,"2689",TUNN,"Zürich, Tunnelstrasse",4475.94646575343,5838.4380876494
"382","394",2875.85120547945,3192.28580821918,3972.32657370518,4409.82844621514,"2722",UETL,"Zürich, Uetlihof",6068.13701369863,8382.15501992032
"383","395",1950.80024657534,2069.31605479452,2232.25565737052,2350.30908366534,"2596",STRV,"Zürich, Strassenverkehrsamt",4020.11630136986,4582.56474103586
"384","396",462.541205479452,676.66498630137,475.892828685259,701.210756972112,"46",ALBG,"Zürich, Albisgütli",1139.20619178082,1177.10358565737
"385","397",1130.22164383562,1079.24265753425,1277.24725099602,1220.61446215139,"845",FELS,"Zürich, Felsenrainstrasse",2209.46430136987,2497.86171314741
"386","398",1341.11797260274,1447.21761643836,1534.41362549801,1667.15390438247,"2151",SALE,"Zürich, Salersteig",2788.3355890411,3201.56752988048
"387","399",2731.11791780822,2797.97816438356,3166.91553784861,3227.74402390438,"465",BERN,"Zürich, Berninaplatz",5529.09608219178,6394.65956175299
"388","400",1346.56830136986,1470.41460273973,1523.20314741036,1635.91517928287,"1215",HIRS,"Zürich, Hirschwiesenstrasse",2816.98290410959,3159.11832669323
"389","401",1539.24649315068,1881.76235616438,1741.64816733068,2103.7984063745,"1061",GUGG,"Zürich, Guggachstrasse",3421.00884931506,3845.44657370518
"390","402",2101.22717808219,1994.73964383562,2418.29258964143,2304.61215139442,"2160",SCHA,"Zürich, Schaufelbergerstrasse",4095.96682191781,4722.90474103585
"391","403",1535.22134246575,1437.96432876712,1849.55358565737,1741.4025498008,"3453",TECH,"Zürich, Technopark",2973.18567123287,3590.95613545817
"392","404",3286.94816438356,3183.23808219178,4047.69258964143,3928.52796812749,"718",TONA,"Zürich, Toni-Areal",6470.18624657534,7976.22055776892
"393","405",824.056794520548,849.321260273973,1063.61039840637,1085.51482071713,"2449",SPOW,"Zürich, Sportweg",1673.37805479452,2149.1252191235
"394","406",270.350493150685,273.078273972603,346.419880478088,348.349601593625,"7",AARG,"Zürich, Aargauerstrasse",543.428767123288,694.769482071713
"395","407",197.771890410959,248.930794520548,244.021274900398,294.23219123506,"6648",WURZ,"Zürich, Würzgraben",446.702684931507,538.253466135458
"396","408",2479.76967123288,2355.416,3029.1271314741,2853.90541832669,"1251",HOTT,"Zürich, Hottingerplatz",4835.18567123288,5883.03254980079
"397","409",3623.11082191781,3639.16323287671,4062.83087649402,4061.2622310757,"2124",ROEM,"Zürich, Römerhof",7262.27405479452,8124.09310756972
"398","410",1210.47780821918,1359.22043835616,1400.81394422311,1550.08270916335,"1278",HOEL,"Zürich, Hölderlinstrasse",2569.69824657534,2950.89665338646
"399","411",1723.72682191781,1747.35479452055,1986.62346613546,2021.77721115538,"2385",SIEM,"Zürich, Siemens",3471.08161643836,4008.40067729084
"400","412",667.571643835616,733.618575342466,760.715737051793,832.923187250996,"788",ENGV,"Zürich, Englischviertelstrasse",1401.19021917808,1593.63892430279
"401","413",1100.73345205479,1272.85317808219,1372.51039840637,1569.58601593626,"2551",BSEL,"Zürich, Bahnhof Selnau",2373.58663013698,2942.09641434263
"402","414",4364.17884931507,4500.79334246575,4686.4196812749,4812.93007968127,"1158",HELV,"Zürich, Helvetiaplatz",8864.97219178082,9499.34976095617
"403","415",1686.18482191781,1727.48805479452,1899.47243027888,1965.18605577689,"2127",ROEN,"Zürich, Röntgenstrasse",3413.67287671233,3864.65848605577
"404","416",1350.51838356164,1515.88901369863,1500.61310756972,1673.75772908367,"1745",NORS,"Zürich, Nordstrasse",2866.40739726027,3174.37083665339
"405","417",527.077780821918,607.889369863014,573.398764940239,661.085577689243,"1595",LAEG,"Zürich, Lägernstrasse",1134.96715068493,1234.48434262948
"406","418",667.214082191781,788.238575342466,768.136892430279,913.966055776892,"498",BIRD,"Zürich, Birchdörfli",1455.45265753425,1682.10294820717
"407","419",1241.50832876712,1054.78452054795,1436.84199203187,1214.94585657371,"1259",HUNG,"Zürich, Hungerbergstrasse",2296.29284931507,2651.78784860558
"408","420",982.083369863014,911.641753424658,1114.40035856574,1022.98326693227,"1239",HOLZ,"Zürich, Holzerhurd",1893.72512328767,2137.38362549801
"409","421",1196.58147945205,985.751506849315,1389.22470119522,1167.19800796813,"1386",KERN,"Zürich, Kernstrasse",2182.33298630137,2556.42270916335
"410","422",710.391534246575,681.940356164384,833.27422310757,792.403067729084,"1272",HOEF,"Zürich, Höfliweg",1392.33189041096,1625.67729083665
"411","423",884.320794520548,787.946876712329,1002.52258964143,901.816772908366,"902",FRIB,"Zürich, Friesenberg",1672.26767123288,1904.3393625498
"412","424",1295.10408219178,1521.06126027397,1461.19398406375,1709.0177689243,"904",FRIE,"Zürich, Friesenbergstrasse",2816.16534246575,3170.21175298805
"413","425",776.455205479452,839.915561643836,893.37374501992,957.425657370518,"1307",IHAG,"Zürich, Im Hagacker",1616.37076712329,1850.79940239044
"414","426",693.457506849315,912.698465753425,796.271195219123,1054.38749003984,"1143",HEGA,"Zürich, Hegianwandweg",1606.15597260274,1850.65868525896
"415","427",554.188684931507,550.036767123288,616.478605577689,614.057370517928,"2107",ROSW,"Zürich, Roswiesen",1104.22545205479,1230.53597609562
"416","428",963.282136986301,997.005342465753,1107.0812749004,1137.65780876494,"998",GLAT,"Zürich, Glattwiesen",1960.28747945205,2244.73908366534
"417","429",1225.32668493151,1272.9975890411,1362.41099601594,1412.59235059761,"2008",PROB,"Zürich, Probstei",2498.32427397261,2775.00334661355
"418","430",728.516712328767,783.071479452055,835.232430278884,896.601792828685,"1620",MATT,"Zürich, Mattenhof",1511.58819178082,1731.83422310757
"419","431",6770.29720547945,5952.16032876712,7876.5438247012,6983.38509960159,"2575",BSTE,"Zürich, Bahnhof Stettbach",12722.4575342466,14859.9289243028
"420","432",199.926712328767,264.497561643836,227.814701195219,301.961952191235,"3045",ZUER,"Zürich, Zürichbergstrasse",464.424273972603,529.776653386454
"421","433",348.737095890411,469.918684931507,394.661513944223,533.602788844622,"2618",SUSE,"Zürich, Susenbergstrasse",818.655780821918,928.264302788845
"422","434",2537.68517808219,2703.37967123288,2514.4271314741,2697.50701195219,"3005",ZOO,"Zürich, Zoo",5241.06484931507,5211.93414342629
"423","435",51.9137864109589,119.449323342466,68.74204,154.51802,"1228",HOFF,"Dübendorf, Hoffnung",171.363109753425,223.26006
"424","436",184.671763342466,138.661489369863,230.77862,165.54862,"6346",DSON,"Dübendorf, Sonnental",323.333252712329,396.32724
"425","437",6.66580635616438,5.60200235616438,7.86932,7.00586,"1478",KAMM,"Dübendorf, Kämmaten",12.2678087123288,14.87518
"426","438",59.6421643835616,49.2295342465753,75.3174900398406,61.8628685258964,"6214",URSP,"Gockhausen, Ursprungstrasse",108.871698630137,137.180358565737
"427","439",376.063671232877,377.475753424658,457.201752988048,454.868007968127,"1006",GDOR,"Gockhausen, Dorf",753.539424657535,912.069760956175
"428","440",127.734493150685,150.164054794521,142.81,167.2,"2671",TOBE,"Zürich, Tobelhof",277.898547945206,310.01
"429","441",40.5837808219178,67.6401008219178,40.9,65.9368,"4",ZOOF,"Zürich, Zoo/Forrenweid",108.223881643836,106.8368
"430","442",37.2214794520548,54.2203287671233,40.06,57.02,"711",DREW,"Zürich, Dreiwiesen",91.4418082191781,97.08
"431","443",37.1557808219178,66.2225479452055,45.94,84.37,"3445",BIBE,"Zürich, Bircher-Benner",103.378328767123,130.31
"432","444",128.814301369863,136.769616438356,158.94,160.41,"2422",DBRE,"Dübendorf, Breitibach",265.583917808219,319.35
"433","445",116.090931506849,163.55301369863,146.53,197.25,"2838",DWAS,"Dübendorf, Wasserfurren",279.643945205479,343.78
"434","446",115.691671232877,165.997620767123,144.18,197.98658,"1273",DHOG,"Dübendorf, Högler",281.689292,342.16658
"435","447",141.453808219178,189.97504109589,173.72,227.93,"1414",KWIL,"Dübendorf, Kirche Wil",331.428849315068,401.65
"436","448",10.1996755890411,71.3324109589041,11.30909,81.03,"81",ALTZ,"Dübendorf, Alterszentrum",81.5320865479452,92.33909
"437","449",64.1922859452055,44.8177691232877,80.62687,56.78823,"544",FBRU,"Fällanden, Bruggacher",109.010055068493,137.4151
"438","450",121.342082191781,202.240136986301,152.34,257.47,"2999",FZIL,"Fällanden, Zil",323.582219178082,409.81
"439","451",812.342915068493,661.354915068493,983.864,785.684,"947",FAEL,"Fällanden, Gemeindehaus",1473.69783013699,1769.548
"440","452",176.957288520548,191.401600712329,230.01781,250.98926,"3368",FWIG,"Fällanden, Wigarten",368.358889232877,481.00707
"441","453",120.803945205479,105.993616438356,127.16,109.73,"1723",FNEU,"Fällanden, Neuhus",226.797561643835,236.89
"442","454",8.22402608219178,7.89373057534247,7.98952,6.18666,"3133",FJUG,"Fällanden, Jugendherberge",16.1177566575343,14.17618
"443","455",8.23182742465753,7.7735462739726,7.79951,7.07189,"3134",MASC,"Maur, Aschbach",16.0053736986301,14.8714
"444","456",263.786191780822,257.331210958904,313.06,307.112,"678",MDOR,"Maur, Dorf",521.117402739726,620.172
"445","457",92.4107624931507,111.411842109589,107.89581,126.72487,"1403",MKIR,"Maur, Kirche",203.82260460274,234.62068
"446","458",176.232416438356,143.18021369863,177.072,149.578,"2342",MSEE,"Maur, See",319.412630136986,326.65
"447","459",202.512712328767,246.616082191781,257.74,314.01,"427",BASL,"Zürich, Baslerstrasse",449.128794520548,571.75
"448","460",825.798821917808,951.93997260274,1042.05,1234.17,"1549",LPAW,"Zürich, Letzipark West",1777.73879452055,2276.22
"449","461",1140.09443835616,1177.21342465753,1497.95,1556.58,"867",FLUR,"Zürich, Flurstrasse",2317.30786301369,3054.53
"450","462",687.739753424658,711.815424657534,912.55,948.71,"3797",ARAN,"Zürich, Albisrank",1399.55517808219,1861.26
"451","463",0,0.252164383561644,0,0,"3560",SPHE,"D'dorf, Sportanl Heerenschürli",0.252164383561644,0
"452","464",0.0712328767123288,0.799232876712329,0,0,"3296",NEUS,"Dübendorf, Neugut Süd",0.870465753424658,0
"453","465",840.262630136986,787.74504109589,1014.9,943.56,"6659",WNEU07,"Wallisellen, Neugut",1628.00767123288,1958.46
"454","466",0.156712328767123,2.82224657534247,0,0,"3241",WFLO07,"Wallisellen, Florastrasse",2.97895890410959,0
"455","467",1872.34350684931,1674.05210958904,2299.66,2050.4,"2820",BWAL07,"Wallisellen, Bahnhof",3546.39561643835,4350.06
"456","468",817.15098630137,797.293945205479,904.57,889.27,"2983",WGLA,"Wallisellen, Glatt (Bus)",1614.44493150685,1793.84
"457","469",0.252164383561644,3.10860273972603,0,0,"3446",ETTE,"Zürich, Ettenfeld",3.36076712328767,0
"458","470",0.10827397260274,1.02432876712329,0,0,"909",FROH07,"Glattbrugg, Frohbühlstrasse",1.13260273972603,0
"459","471",0.14958904109589,2.184,0,0,"1925",PGLA07,"Glattbrugg, Post",2.33358904109589,0
"460","472",0.084054794520548,1.75945205479452,0,0,"992",GLAG07,"Glattbrugg, Zentrum",1.84350684931507,0
"461","473",0.0156712328767123,2.01731506849315,0,0,"3247",GHOF07,"Glattbrugg, Glatthof",2.03298630136986,0
"462","474",0,0.840547945205479,0,0,"6808",OSCH07,"Opfikon, Schwimmbad",0.840547945205479,0
"463","475",0.36186301369863,1.59704109589041,0,0,"2286",SCHU07,"Opfikon, Schulstrasse",1.95890410958904,0
"464","476",0.0897534246575342,0,0,0,"1651",MODE07,"Glattbrugg, Mode Center TMC",0.0897534246575342,0
"465","477",129.220849315068,96.8974794520548,152.75,116.26,"1356",KALB,"Zürich, Kalchbühlweg",226.118328767123,269.01
"466","478",264.244739726027,241.187643835616,323.45,288.85,"2889",WIDM,"Zürich, Widmerstrasse",505.432383561643,612.3
"467","479",487.183890410959,592.624684931507,584.34,698.89,"1710",NEUB,"Zürich, Neubühl",1079.80857534247,1283.23
"468","480",59.5523287671233,87.0798082191781,86.6,126.63,"1865",HURL,"Zürich, Hürlimannplatz",146.632136986301,213.23
"469","481",35.4700821917808,53.2670136986301,51.58,77.46,"530",BRAN,"Zürich, Brandschenkestrasse",88.7370958904109,129.04
"470","482",53.1746575342466,120.42904109589,62.37,135.18,"3458",PSCH,"Zürich, Schauenberg",173.603698630137,197.55
"471","483",68.0378904109589,91.255698630137,80.43,103.05,"3457",LERA,"Zürich, Lerchenrain",159.293589041096,183.48
"472","484",397.061424657534,339.093671232877,559.66,471.37,"493",BINZ,"Zürich, Binz",736.155095890411,1031.03
"473","485",115.012164383562,146.341726027397,161.68,204.67,"2120",RAEF,"Zürich, Räffelstrasse",261.353890410959,366.35
"474","486",17.2734794520548,107.810520547945,24.98,152.84,"489",GRUB,"Zürich, Grubenstrasse",125.084,177.82
"475","487",348.25298630137,355.822109589041,501.58,511.81,"3714",BINC,"Zürich, Binz Center",704.075095890411,1013.39
"476","488",103.803178082192,152.234876712329,127.422629482072,194.547609561753,"2858",WEIH,"Zürich, Weihersteig",256.038054794521,321.970239043825
"477","489",656.61402739726,763.528767123288,795.849163346614,931.048446215139,"2803",WAIS,"Zürich, Waidspital",1420.14279452055,1726.89760956175
"478","490",268.428684931507,305.854876712329,309.063705179283,349.048406374502,"1441",PKAE,"Zürich, Pflegezentr. Käferberg",574.283561643836,658.112111553785
"479","491",227.412520547945,347.647506849315,243.540039840637,371.768525896414,"2799",WAIB,"Zürich, Waidbadstrasse",575.06002739726,615.308565737051
"480","492",193.45197260274,283.224794520548,227.16561752988,322.434302788845,"1316",IWIN,"Zürich, Im Wingert",476.676767123288,549.599920318725
"481","493",14.2506575342466,7.90841095890411,20.23,11.03,"3588",VULK,"Zürich, Vulkanstrasse",22.1590684931507,31.26
"482","494",32.6169315068493,51.0124383561644,38.62,61.66,"3153",JUCH,"Zürich, Juchhof",83.6293698630137,100.28
"483","495",56.7757808219178,70.9802739726027,75.56,94.08,"1327",IGAS,"Schlieren, Industrie Gaswerk",127.756054794521,169.64
"484","496",18.0019452054795,19.9186849315068,24.73,27.48,"2141",RUST,"Schlieren, Rütistrasse",37.9206301369863,52.21
"485","497",40.1140273972603,44.8683287671233,52.58,58.06,"6234",SCHN,"Schlieren, Bahnhof Nord",84.9823561643836,110.64
"486","498",8.44575342465753,9.55441095890411,11.54,12.8,"6299",SAMR,"Schlieren, Am Rietpark",18.0001643835616,24.34
"487","499",14.5353424657534,9.98761643835616,19.2,12.68,"6298",SGOL,"Schlieren, Goldschlägistrasse",24.5229589041096,31.88
"488","500",33.2314794520548,21.942904109589,39.87,27.2,"7000",SMEU,"Schlieren, Meuchwis",55.1743835616438,67.07
"489","501",128.111912876712,92.5561468493151,186.2982,134.5936,"501",BIRMBHF,"Birmensdorf ZH, Bahnhof",220.668059726027,320.8918
"490","502",28.4926947945205,37.9430854794521,41.4336,55.1762,"6744",RIST,"Birmensdorf ZH, Ristet",66.4357802739726,96.6098
"491","503",46.8720838356164,60.8120049315068,68.1606,88.4318,"6297",HEIN,"Urdorf, Heinrich-Stutz-Strasse",107.684088767123,156.5924
"492","504",13.1060668493151,59.2714438356164,18.1344,60.407,"3589",OBUR,"Urdorf, Oberurdorf",72.3775106849315,78.5414
"493","505",75.9889824657534,90.1845890410959,94.6486,111.365,"3590",SONU,"Urdorf, Sonne",166.173571506849,206.0136
"494","506",136.653665753425,140.054941369863,181.788,182.4736,"1178",HWEG,"Urdorf, Herweg",276.708607123288,364.2616
"495","507",320.964596164384,322.255689863014,403.1776,405.1068,"502",BIRM,"Dietikon, Birmensdorferstrasse",643.220286027398,808.2844
"496","508",81.3047780821918,119.395438356164,94.444,135.545,"2313",SBAC,"Dietikon, Schäflibach",200.700216438356,229.989
"497","509",280.00825260274,298.517484383562,351.8822,370.4518,"2406",SOME,"Dietikon, Sommerau",578.525736986302,722.334
"498","511",54.4588328767123,54.3418849315068,68.514,67.208,"750",EGGL,"Fällanden, Eggler",108.800717808219,135.722
"499","512",27.4616164383562,41.7842739726027,35.17,51.82,"2335",SHUA,"Fällanden, Schützenhaus",69.2458904109589,86.99
"500","513",18.6017589041096,20.1016657534247,21.782,22.568,"6778",BLAN,"Benglen, Langwis",38.7034246575343,44.35
"501","514",13.8565753424658,11.4841095890411,20.15,16.7,"6779",BBAU,"Binz bei Maur, Bautacher",25.3406849315069,36.85
"502","515",64.5544767123288,94.6312219178082,78.884,113.536,"1527",LEEA,"Ebmatingen, Leeacherstrasse",159.185698630137,192.42
"503","516",449.859956164384,410.006975342466,541.804,490.866,"738",EBDO,"Ebmatingen, Dorf",859.86693150685,1032.67
"504","517",86.9898282739726,99.8682684931507,121.17732,136.818,"1583",MLOR,"Ebmatingen, Looren",186.858096767123,257.99532
"505","518",55.8732876712329,33.2764109589041,81.25,48.39,"6600",IMBR,"Aesch bei Maur, Im Brünneli",89.149698630137,129.64
"506","519",15.2800547945205,13.760301369863,22.22,20.01,"6599",ZOLL,"Aesch bei Maur, Zollingerheim",29.0403561643835,42.23
"507","520",43.8527945205479,63.7333698630137,63.77,92.68,"2166",SCHE,"Scheuren, Station",107.586164383562,156.45
"508","522",5.41454794520548,6.98350684931507,5.81,6.98,"971",GERM,"Zürich, Germaniastrasse",12.3980547945206,12.79
"509","525",23.0509315068493,29.9663287671233,23.09,28.21,"2090",BERG,"Zürich, Rigiblick",53.0172602739726,51.3
"510","527",599.983260273973,719.712657534247,742.259163346614,847.077689243028,"12492",FOR99,Forch,1319.69591780822,1589.33685258964
"511","528",403.577561643836,380.743753424658,479.699561752988,446.661155378486,"12166",SCH99,Scheuren,784.321315068494,926.360717131474
"512","529",46.3910684931507,57.8030136986301,55.4574501992032,68.3166533864542,"12509",NHA99,Neuhaus bei Hinteregg,104.194082191781,123.774103585657
"513","530",316.574410958904,351.406,366.317051792829,406.280836653386,"12500",HIE99,Hinteregg,667.980410958904,772.597888446215
"514","531",636.538739726027,635.482602739726,741.405976095618,728.949442231076,"12487",EGG99,Egg,1272.02134246575,1470.35541832669
"515","532",355.662493150685,297.358712328767,420.631434262948,350.287529880478,"12504",LWIE99,Langwies ZH,653.021205479452,770.918964143426
"516","533",29.9107945205479,29.9012328767123,33.8232669322709,34.3998804780877,"12488",EMMA99,Emmat,59.8120273972602,68.2231474103586
"517","534",639.777506849315,585.147424657534,748.862430278885,684.45390438247,"10804",ESSL99,Esslingen,1224.92493150685,1433.31633466136
"518","535",26.5393424657534,37.473095890411,30.2682868525896,41.0443027888446,"12508",NFOR99,Neue Forch,64.0124383561644,71.3125896414342
"519","536",242.343232876712,248.396794520548,284.323505976096,289.173187250996,"12506",MAI99,Maiacher,490.74002739726,573.496693227092
"520","537",552.600739726027,617.797506849315,656.177729083665,730.831274900398,"12543",ZUMI99,Zumikon,1170.39824657534,1387.00900398406
"521","538",868.389342465753,846.959945205479,1060.85374501992,1024.62462151394,"12826",WAL99,Waltikon,1715.34928767123,2085.47836653386
"522","539",873.474164383562,842.339616438356,1036.22505976096,1001.67258964143,"13002",ZOB99,Zollikerberg,1715.81378082192,2037.89764940239
"523","540",627.397095890411,678.607315068493,761.715458167331,822.480039840637,"12438",SZFB99,Spital Zollikerberg,1306.0044109589,1584.19549800797
"524","541",390.379397260274,364.104273972603,459.753864541833,430.29561752988,"12807",WAB99,Waldburg,754.483671232877,890.049482071713
"525","542",940.354109589041,830.163671232877,1071.17,941.12,"6463",SIHC,"Zürich, Sihlcity",1770.51778082192,2012.29
"526","543",508.097835616438,560.745671232877,607.53,659.73,"2302",SHOF,"Zürich, Schweighof",1068.84350684931,1267.26
"527","544",467.083534246575,549.945150684931,527.698525896414,614.306055776892,"1528",LEHE,"Zürich, Lehenstrasse",1017.02868493151,1142.00458167331
"528","545",181.82,233.063616438356,205.957768924303,262.333466135458,"2035",REBE,"Zürich, Rebbergsteig",414.883616438356,468.291235059761
"529","546",162.804520547945,196.006630136986,183.407609561753,218.674900398406,"1379",KEMP,"Zürich, Kempfhofsteig",358.811150684931,402.082509960159
"530","547",703.513123287671,628.653095890411,809.064980079681,713.632749003984,"2140",RUET,"Zürich, Rütihof",1332.16621917808,1522.69772908367
"531","548",535.796849315068,598.70104109589,609.2503187251,671.649402390438,"1547",LETT,"Zürich, Lettenstrasse",1134.49789041096,1280.89972111554
"532","549",333.503671232877,191.586876712329,381.762390438247,211.66187250996,"3786",OKEN,"Zürich, Okenstrasse",525.090547945206,593.424262948207
"533","550",191.904526027397,133.429224657534,247.412,170.197,"1964",OPOS,"Oetwil an der Limmat, Post",325.333750684931,417.609
"534","551",65.7689967123288,49.9976071232877,58.8938,57.5966,"1094",OHAL,"Oetwil an der Limmat, Halde",115.766603835617,116.4904
"535","552",75.2893578082192,70.4367594520548,92.2956,83.5372,"2303",SWAK,"Geroldswil, Schweizäcker",145.726117260274,175.8328
"536","553",26.3677989041096,82.9452646575343,36.5366,92.0016,"1759",OBDO,"Oetwil an der Limmat, Oberdorf",109.313063561644,128.5382
"537","554",115.004122191781,95.437842739726,133.1346,107.4826,"6262",DSIL,"Dietikon, Silbern",210.441964931507,240.6172
"538","555",307.638277808219,352.746847123288,391.9814,447.3992,"2399",DMOO,"Dietikon, Moosmatt",660.385124931507,839.3806
"539","556",44.9364580821918,60.5376498630137,60.1272,81.3122,"1091",HAGA,"Dietikon, Hagackerstrasse",105.474107945206,141.4394
"540","557",218.169402739726,246.15253260274,302.632,335.1144,"1540",LERZ,"Dietikon, Lerzen",464.321935342466,637.7464
"541","558",117.700101369863,142.723558356164,160.627,193.6388,"1868",PEST,"Dietikon, Pestalozzi",260.423659726027,354.2658
"542","559",254.308343013699,238.534254246575,324.9252,312.5028,"1039",DRAP,"Dietikon, Rapidplatz",492.842597260274,637.428
"543","560",88.5438904109589,105.112547945205,107.02,124.04,"3798",VORS,"Dietikon, Vorstadt",193.656438356164,231.06
"544","561",269.661753424658,342.42104109589,320.64,409.04,"1843",OETW,"Dietikon, Oetwilerstrasse",612.082794520548,729.68
"545","562",515.330547945205,458.404109589041,603.55,532.82,"990",GJUC,"Dietikon, Gjuchstrasse",973.734657534246,1136.37
"546","563",64.6590684931507,73.558904109589,74.837609561753,82.3486055776892,"1397",KIND,Kindhausen AG,138.21797260274,157.186215139442
"547","564",40.9750136986301,33.0942191780822,52.2276494023904,42.6426693227092,"757",EIHH,"Kindhausen AG, Eichholz",74.0692328767123,94.8703187250996
"548","565",21.3766849315069,27.885397260274,28.4959760956175,36.6524701195219,"2789",VORB,"Bergdietikon, Vorbühl",49.2620821917809,65.1484462151394
"549","566",19.4201643835616,14.8894246575342,24.0706772908367,19.1985657370518,"466",BOLD,"Bergdietikon, Bernold",34.3095890410958,43.2692430278885
"550","567",28.3592328767123,26.9465753424658,36.6988844621514,33.2940239043825,"457",BERL,"Bergdietikon, Bergli",55.3058082191781,69.9929083665339
"551","568",32.8795068493151,30.5676164383562,41.2858964143426,38.6161752988048,"2085",RIEW,"Bergdietikon, Rietwies",63.4471232876713,79.9020717131474
"552","569",46.3943561643836,63.5678904109589,58.8094023904382,78.4615139442231,"425",DBAL,"Bergdietikon, Baltenschwil",109.962246575343,137.270916334661
"553","570",31.7801369863014,1.69613698630137,39.0169322709163,2.0099203187251,"729",DUEN,"Bergdietikon, Dünni",33.4762739726028,41.0268525896414
"554","571",35.3875342465753,42.0087945205479,41.4597211155378,47.29,"1616",MARW,"Dietikon, Marmori-Weiher",77.3963287671232,88.7497211155378
"555","572",27.9373150684931,14.7618630136986,40.6259760956175,21.4664541832669,"6958",SGLA,"Spreitenbach, Glattler",42.6991780821917,62.0924302788844
"556","574",141.417495890411,165.727830136986,192.686,226.718,"1324",FAEI,"Fällanden, Industrie",307.145326027397,419.404
"557","575",54.5937369863014,51.3999397260274,67.334,58.418,"684",DORS,"Schwerzenbach ZH, Dorf",105.993676712329,125.752
"558","576",613.129704109589,594.839254794521,756.142,729.708,"2307",BSCH,"Schwerzenbach ZH, Bahnhof",1207.96895890411,1485.85
"559","577",87.9805205479452,69.2780328767123,103.67,78.402,"1871",PFAF,"Pfaffhausen, Pfaffenstein",157.258553424658,182.072
"560","578",72.6411561643836,66.5443561643836,83.742,77.65,"2622",SAGG,"Pfaffhausen, Sängglen",139.185512328767,161.392
"561","579",131.860323287671,133.542257534247,160.138,153.904,"833",FELH,"Pfaffhausen, Feldhof",265.402580821918,314.042
"562","580",284.302104109589,335.622553424658,333.408,388.632,"1873",PMUE,"Pfaffhausen, Müseren",619.924657534247,722.04
"563","581",96.6620109589041,104.690295890411,110.594,120.178,"899",FWIT,"Zürich, Friedhof Witikon",201.352306849315,230.772
"564","582",173.80784109589,185.085693150685,203.642,212.838,"3444",GLOK,"Zürich, Glockenacker",358.893534246575,416.48
"565","583",33.8496383561644,35.7764054794521,43.458,48.748,"6999",TWÄR,"Binz bei Maur, Twäracher",69.6260438356165,92.206
"566","584",241.575835616438,298.021145205479,296.1,376.958,"446",BGER,"Benglen, Gerlisbrunnen",539.596980821917,673.058
"567","585",262.879561643836,243.852887671233,319.28,296.104,"445",BEBO,"Benglen, Bodenacher",506.732449315069,615.384
"568","586",148.570756164384,165.767945205479,176.406,200.5,"3467",FMAT,"Binz bei Maur, Fridlimatt",314.338701369863,376.906
"569","587",274.806761643836,253.204252054795,332.528,299.492,"490",MPOS,"Binz bei Maur, Post",528.011013698631,632.02
"570","588",6.81524383561644,11.8694136986301,7.304,13.136,"1892",MPLA,"Maur, Platten",18.6846575342465,20.44
"571","589",2175.01695890411,2063.48090410959,2658.23,2526.37,"6508",GLIN07,"Glattbrugg, Lindberghplatz",4238.4978630137,5184.6
"572","590",2350.40526027397,2206.66082191781,2931.76,2754.38,"994",BGLA07,"Glattbrugg, Bahnhof",4557.06608219178,5686.14
"573","591",1069.61780821918,1054.36915068493,1496.32,1473.58,"6507",RBAU07,"Rümlang, Bäuler",2123.98695890411,2969.9
"574","592",1188.30126027397,1166.78832876712,1420.42,1418.16,"2758",UNTR07,"Glattbrugg, Unterriet",2355.08958904109,2838.58
"575","593",570.927232876712,535.079397260274,698.44,643.16,"6506",BABH07,"Kloten Balsberg, Bahnhof",1106.00663013699,1341.6
"576","594",3992.06608219178,4408.64745205479,4464.24,5021.46,"3027",FLUG07,"Zürich Flughafen, Bahnhof",8400.71353424657,9485.7
"577","595",219.655232876712,341.122849315068,270.4,401.04,"6232",FRAF07,"Zürich Flughafen, Fracht",560.77808219178,671.44
"578","596",607.908630136986,607.139589041096,716.87,706.85,"1176",HRTI07,"Wallisellen, Herti",1215.04821917808,1423.72
"579","597",376.345369863014,383.503506849315,486.12,490.34,"439",BELA07,"Wallisellen, Belair",759.848876712329,976.46
"580","598",1254.37528767123,1394.73073972603,1462.94,1637.9,"6735",WGLA07,"Wallisellen, Glatt (Tram)",2649.10602739726,3100.84
"581","599",421.484301369863,403.80095890411,558.01,531.69,"6660",DGIE07,"Dübendorf, Giessen",825.285260273973,1089.7
"582","600",585.740630136986,586.530164383562,718.15,718.81,"3785",RINW,"Dübendorf, Ringwiesen",1172.27079452055,1436.96
"583","601",136.175945205479,145.215287671233,153.88,172.44,"3727",GLAN,"Glanzenberg, Bahnhof",281.391232876712,326.32
"584","602",41.2616438356164,67.864904109589,43.92,70.19,"3472",SWER,"Dietikon, Schönenwerd",109.126547945205,114.11
"585","603",281.494849315069,278.751506849315,336.12,335.06,"3748",STAK,"Schlieren, Steinacker",560.246356164384,671.18
"586","604",38.7862465753425,46.9421369863014,20.98,36.66,"2024",RAIW,"Urdorf, Rainweg",85.7283835616439,57.64
"587","605",61.0233238356164,47.6395863013699,52.0532,45.599,"1726",NMAT,"Urdorf, Neumattstrasse",108.662910136986,97.6522
"588","606",43.2181917808219,4.85035616438356,51.08,5.66,"414",BSTD,"Dietikon, Bahnhofstrasse",48.0685479452055,56.74
"589","607",160.517917808219,155.694575342466,206.28,183.12,"3344",DSTA,"Dietikon, Stadthaus",316.212493150685,389.4
"590","608",225.907369863014,161.957698630137,285.83,200.7,"1758",ODIE,"Dietikon, Oberdorf",387.865068493151,486.53
"591","609",250.131643835616,284.652410958904,317.93,342.41,"1265",HATS,"Dietikon, Hätschen",534.78405479452,660.34
"592","610",121.750575342466,107.514931506849,139.48,124.31,"6693",DGYR,"Dietikon, Gyrhalden",229.265506849315,263.79
"593","611",30.703698630137,18.6031232876712,40.47,22.18,"6694",WEST,"Dietikon, Weidstrasse",49.3068219178082,62.65
"594","612",37.0196164383562,40.5249589041096,39.78,50.61,"6695",DLAE,"Dietikon, Lätten",77.5445753424658,90.39
"595","613",25.9568219178082,37.7403561643836,28.58,36.91,"6698",DWEI,"Dietikon, Weinberg",63.6971780821918,65.49
"596","614",7.53646575342466,125.72704109589,9.89,147.45,"1417",KIPL,"Dietikon, Kirchplatz",133.263506849315,157.34
"597","616",608.711561643836,722.985808219178,561.76,665.88,"459",BDOL,"Zürich, Bergstation Dolderbahn",1331.69736986301,1227.64
"598","617",154.950445534247,249.489945205479,163.26762,278.89,"2815",WDOL,"Zürich, Waldhaus Dolder",404.440390739726,442.15762
"599","618",137.660301369863,197.020712328767,140.05,212.5,"2667",TITL,"Zürich, Titlisstrasse",334.68101369863,352.55
"600","619",273.814109589041,250.289917808219,312.45,279.16,"916",FRYM,"Zürich, Frymannstrasse",524.10402739726,591.61
"601","620",1139.95397260274,977.302602739726,1298.64,1115.65,"2547",BLEI,"Zürich, Bahnhof Leimbach",2117.25657534247,2414.29
"602","621",397.526684931507,356.461506849315,445.64,403.79,"1615",MARB,"Zürich, Marbachweg",753.988191780822,849.43
"603","622",254.903616438356,474.518383561644,283.78,533.91,"1310",IHUS,"Zürich, Im Hüsli",729.422,817.69
"604","623",639.922849315068,765.204301369863,745.52,894.47,"2398",SIHW,"Zürich, Sihlweidstrasse",1405.12715068493,1639.99
"605","624",492.979205479452,530.971616438356,547.09,583.62,"1648",MITL,"Zürich, Mittelleimbach",1023.95082191781,1130.71
"606","625",282.075589041096,229.681232876712,316.41,259.53,"1612",MANG,"Zürich, Manegg",511.756821917808,575.94
"607","626",305.339287671233,629.219589041096,370.34,730.13,"2776",VERE,"Zürich, Verenastrasse",934.558876712329,1100.47
"608","627",253.121397260274,304.173945205479,311.17,366.57,"3002",ZOBE,"Zollikerberg, Station",557.295342465753,677.74
"609","628",47.788,107.978876712329,57.92,120.27,"6254",LAEN,"Zollikerb., Langägerten/Spital",155.766876712329,178.19
"610","629",120.978712328767,104.230876712329,147.89,115.91,"2807",WABG,"Waldburg, Station",225.209589041096,263.8
"611","630",49.8930136986301,50.8935616438356,62.07,64.03,"2040",RWIE,"Zollikon, Rebwiesstrasse",100.786575342466,126.1
"612","631",48.9692054794521,51.9573424657534,59.24,60.27,"2341",SUET,"Zollikon, Schützenstrasse",100.926547945205,119.51
"613","632",101.03295890411,134.005178082192,113.79,156.77,"53",ZALL,"Zollikon, Allmend",235.038136986302,270.56
"614","633",54.6232054794521,122.40298630137,64.01,147.03,"1277",HSTR,"Zollikon, Höhestrasse",177.026191780822,211.04
"615","634",343.445068493151,393.737616438356,429.13,486.25,"961",GDEH,"Zollikon, Gemeindehaus",737.182684931507,915.38
"616","635",8.43964383561644,16.9113424657534,10.73,21.54,"2363",SEES,"Zollikon, Seestrasse",25.3509863013698,32.27
"617","636",153.015342465753,30.1606575342466,188.88,34.7,"3003",BZOL,"Zollikon, Bahnhof",183.176,223.58
"618","637",111.997835616438,107.575397260274,132.05,124.68,"1698",NEES,"Zürich, Neeserweg",219.573232876712,256.73
"619","638",97.8323835616438,87.0755068493151,117.68,101.56,"852",FEUS,"Zürich, Feusisbergli",184.907890410959,219.24
"620","639",179.668191780822,193.099835616438,213.61,228.3,"92",AMSU,"Zürich, Am Suteracher",372.76802739726,441.91
"621","640",83.900904109589,91.015095890411,100.89,107.95,"1581",LOOG,"Zürich, Loogarten",174.916,208.84
"622","641",18.9735342465753,43.3846301369863,17.28,46.33,"893",FEIC,"Zürich, Friedhof Eichbühl",62.3581643835616,63.61
"623","642",70.6751506849315,56.7765205479452,85.77,68.77,"6003",SOLP,"Zürich, Solidapark",127.451671232877,154.54
"624","643",616.723452054795,534.783589041096,733.96,652.95,"1388",KESS,"Schlieren, Kesslerstrasse",1151.50704109589,1386.91
"625","644",223.826465753425,166.210602739726,266.8,202.83,"2051",REIT,"Schlieren, Reitmen",390.037068493151,469.63
"626","645",210.296383561644,212.944821917808,290.48,291.22,"1586",LUBE,"Urdorf, Luberzen",423.241205479452,581.7
"627","646",216.55904109589,202.554712328767,253.77,239.55,"1226",HACK,"Dietikon, Hofacker",419.113753424657,493.32
"628","647",118.029095890411,116.441671232877,146.96,148.97,"725",DOER,"Dietikon, Dörfli",234.470767123288,295.93
"629","648",59.3643835616438,59.0798904109589,69.78,69.56,"3460",ASPS,"Spreitenbach, Asp",118.444273972603,139.34
"630","649",283.37298630137,272.743095890411,326.62,320.19,"3520",BRUL,"Spreitenbach, Brüel",556.116082191781,646.81
"631","650",97.2167945205479,107.524164383562,114.99,131.28,"6663",SPAL,"Spreitenbach, Altersheim",204.74095890411,246.27
"632","651",632.033534246575,582.669232876712,695.58,641.51,"2384",SCEN,"Spreitenbach, Shopping Center",1214.70276712329,1337.09
"633","652",137.107178082192,159.620219178082,153.88,187.54,"6462",IKEA,"Spreitenbach, Ikea",296.727397260274,341.42
"634","653",73.2984109589041,65.0491506849315,88.12,80.34,"6586",CESP,"Spreitenb, Center Spreitenbach",138.347561643836,168.46
"635","654",45.1517534246575,52.5763287671233,58.41,69.88,"6301",FURT,"Spreitenbach, Furttalstrasse",97.7280821917808,128.29
"636","655",73.4073698630137,50.2520547945205,101.15,68.52,"6303",SINT,"Spreitenbach, Interio",123.659424657534,169.67
"637","656",20.205397260274,16.6527671232877,28.39,22.94,"6300",SBRE,"Spreitenbach, Breiti",36.8581643835617,51.33
"638","657",217.873753424658,244.24504109589,280.36,302.28,"3822",BKIS,"Killwangen, Bahnhof",462.118794520548,582.64
"639","658",368.889917808219,367.859452054795,413.88,421.4,"2329",SURG,"Zürich, Schürgistrasse",736.749369863014,835.28
"640","659",12.2720273972603,11.3805205479452,11.79,13.39,"2598",STRI,"Zürich, Strickhof",23.6525479452055,25.18
"641","660",20.3981369863014,41.9972054794521,22.32,49.98,"1502",LAST,"Zürich, Langensteinenstrasse",62.3953424657535,72.3
"642","661",8.90295890410959,9.83041095890411,9.58,10.1,"2314",SAPI,"Zürich, Schäppiweg",18.7333698630137,19.68
"643","662",9.2873698630137,13.076301369863,10.39,14.35,"2452",SPYS,"Zürich, Spyristeig",22.3636712328767,24.74
"644","663",23.0381917808219,34.1181917808219,25.94,37.14,"1471",KROE,"Zürich, Krönleinstrasse",57.1563835616438,63.08
"645","664",10.2993424657534,18.9075342465753,11.26,21.75,"1186",HEUB,"Zürich, Heubeeriweg",29.2068767123287,33.01
"646","665",5.48783561643836,7.11038356164384,6.06,6.79,"859",FLOB,"Zürich, Flobotstrasse",12.5982191780822,12.85
"647","666",30.957698630137,17.5744383561644,28.1376892430279,19.17,"1311",IKLO,"Zürich, Im Klösterli",48.5321369863014,47.3076892430279
"648","667",1.58498630136986,4.99443835616438,1.52,5.47,"6776",SANZ,"Zürich, Schanzackerstrasse",6.57942465753424,6.99
"649","668",39.2992876712329,43.4399452054795,48.4,52.4,"3756",SZOL,"Zollikerberg, Spital",82.7392328767124,100.8
"650","669",21.3627397260274,12.9563287671233,26.8,16.4,"3826",HASE,"Zollikerberg, Hasenbart",34.3190684931507,43.2
"651","670",16.429095890411,10.8626849315069,18.2,12.4,"3747",TRIC,"Zollikerberg, Trichtenhauserm.",27.2917808219179,30.6
"652","671",22.047397260274,24.9596164383562,26.2,27.4,"6416",TRSA,"Zürich, Trichtisal",47.0070136986302,53.6
"653","672",26.1552328767123,12.4431232876712,29.8,14,"3769",TFUS,"Zürich, Trichtenhausenfussweg",38.5983561643835,43.8
"654","673",48.6431780821918,20.2915616438356,56.6,23,"3772",WACH,"Zürich, Wiesliacher",68.9347397260274,79.6
"655","674",42.8562739726027,37.3336438356164,51,44.8,"3767",SEGE,"Zürich, Segeten",80.1899178082191,95.8
"656","675",16.7186301369863,12.7847671232877,17,14.4,"3765",STOD,"Zürich, Stodolastrasse",29.503397260274,31.4
"657","676",26.3393424657534,23.3219726027397,32.2,23.6,"3773",WITZ,"Zürich, Witikon Zentrum",49.6613150684931,55.8
"658","677",31.8962191780822,32.9023561643836,34.4,35.4,"3787",BUHO,"Zürich, Buchholz",64.7985753424658,69.8
"659","678",343.108,294.671123287671,401.32,339.26,"3788",MAIL,"Zürich, Maillartstrasse",637.779123287671,740.58
"660","679",87.346,79.3571506849315,98.09,88.92,"6117",SRIE,"Zürich, Stierenried",166.703150684932,187.01
"661","680",22.3786575342466,24.7418356164384,27.17,28.89,"6592",ADMO,"Adliswil, Moos",47.120493150685,56.06
"662","681",110.769397260274,134.59,135.85,167.35,"1440",KSPI,"Kilchberg ZH, Spital",245.359397260274,303.2
"663","682",21.5524383561644,18.822301369863,25.68,21.38,"6961",AGRU,"Adliswil, Grundstrasse",40.3747397260274,47.06
"664","683",488.99701369863,463.202657534247,575.720677290837,546.253585657371,"28",BADL01,"Adliswil, Bahnhof",952.199671232877,1121.97426294821
"665","684",82.0148219178082,78.9514520547945,89.23,97.9,"6261",STHA,"Dietikon, Stadthalle Ost",160.966273972603,187.13
"666","685",156.206191780822,100.267479452055,206.96,128.37,"2569",STEA,"Dietikon, Stelzenacker",256.473671232877,335.33
"667","686",32.9943835616438,188.225095890411,39.39,234.46,"2471",STAF,"Dietikon, Staffelackerstrasse",221.219479452055,273.85
"668","687",83.2841643835616,110.804739726027,106.64,140.99,"1818",OBWA,"Küsnacht ZH, Oberwacht",194.088904109589,247.63
"669","688",133.789698630137,123.831095890411,165.84,153.65,"1769",OBHE,"Küsnacht ZH, Obere Heslibachst",257.620794520548,319.49
"670","689",21.2466575342466,26.2406575342466,25.29,31.36,"462",BEST,"Küsnacht ZH, Bergstrasse",47.4873150684932,56.65
"671","690",44.867095890411,44.353095890411,56.63,53.44,"1189",HIST,"Küsnacht ZH, Himmelistrasse",89.220191780822,110.07
"672","691",31.264904109589,32.3195342465753,38.55,38.29,"1182",HESL,"Küsnacht ZH, Hesligenstrasse",63.5844383561643,76.84
"673","692",6.39539726027397,47.2229315068493,8.48,60.23,"2122",RAEN,"Küsnacht ZH, Ränkestrasse",53.6183287671233,68.71
"674","693",136.58504109589,136.915232876712,161.46,162.62,"54",KALL,"Küsnacht ZH, Allmend",273.500273972602,324.08
"675","694",65.0047123287671,69.1394246575342,78.46,80.05,"3151",APPE,"Zürich, Appenzellerstrasse",134.144136986301,158.51
"676","695",24.2851780821918,21.8070410958904,28.17,25.27,"3150",AMBO,"Zürich, Am Börtli",46.0922191780822,53.44
"677","696",91.9462465753425,53.8641917808219,104.22,62.17,"3138",KABU,"Zürich, Kappenbühlweg",145.810438356164,166.39
"678","697",71.1432328767123,111.282273972603,80.64,125.33,"1641",MICH,"Zürich, Michelstrasse",182.425506849315,205.97
"679","698",19.0563287671233,49.5878356164384,16.86,50.6,"895",FHOE,"Zürich, Friedhof Hönggerberg",68.6441643835617,67.46
"680","699",37.0892876712329,52.257698630137,35.15,50.64,"3566",SHOE,"Zürich, Schützenhaus Höngg",89.3469863013699,85.79
"681","700",0,12.8778356164384,0,18.7267330677291,"6986",DHOS07,"Dübendorf, Hochbord Süd",12.8778356164384,18.7267330677291
"682","701",29.0522191780822,77.7655068493151,31.1,88.45,"903",FRIH,"Zürich, Friesenberghalde",106.817726027397,119.55
"683","702",14.1652054794521,49.6592602739726,15.2,47.71,"898",FUET,"Zürich, Friedhof Uetliberg",63.8244657534247,62.91
"684","703",24.8296712328767,52.6107945205479,28.89,62.24,"2998",ZIEL,"Zürich, Zielweg",77.4404657534246,91.13
"685","704",30.9680054794521,31.999698630137,35.062,36.15,"632",VCHL07,"Volketswil, Volkiland Chliriet",62.9677041095891,71.212
"686","705",30.1239068493151,20.9943178082192,33.126,23.666,"3740",VHOF07,"Volketswil, Hofwisen",51.1182246575343,56.792
"687","706",63.7845753424658,62.9482191780822,73.89,73.24,"134",AUZO,"Zürich, Auzelg Ost",126.732794520548,147.13
"688","707",13.9497260273973,16.4250136986301,14.89,17.31,"3001",ORIO,"Zürich, Orionstrasse",30.3747397260274,32.2
"689","708",1.27320547945205,3.42432876712329,1.52,4.24,"3715",BOST,"Zürich, Bocklerstrasse",4.69753424657534,5.76
"690","709",75.1550136986301,58.6395342465753,99.78,76.53,"705",DOZE,"Zumikon, Dorfzentrum",133.794547945205,176.31
"691","710",101.382410958904,117.538849315068,133.14,156.68,"2826",WALT,"Zumikon, Waltikon",218.921260273972,289.82
"692","711",33.8633698630137,25.4660547945205,43.71,30.61,"1075",GOES,"Zumikon, Gössikon",59.3294246575342,74.32
"693","712",149.607178082192,121.733698630137,192.3,159.6,"3744",ZENK,"Küsnacht ZH, Zentrum",271.340876712329,351.9
"694","713",260.08202739726,231.075808219178,345.42,300.65,"1488",BKUE,"Küsnacht ZH, Bahnhof",491.157835616438,646.07
"695","714",5.64745205479452,5.8193698630137,7.68,7.93,"2043",RKIK,"Küsnacht ZH, Reform. Kirche",11.4668219178082,15.61
"696","715",11.3293150684932,34.0003835616438,14.6,44.74,"1106",HABA,"Küsnacht ZH, Hallenbad",45.329698630137,59.34
"697","716",70.9328219178082,79.8172328767123,92.48,101.83,"933",GART,"Küsnacht ZH, Gartenstrasse",150.750054794521,194.31
"698","717",40.8980547945205,13.9255068493151,52.85,17.99,"1779",OBFE,"Küsnacht ZH, Oberfeld",54.8235616438356,70.84
"699","720",0,3.43835616438356,0,5,"6470",RESI,"Zollikerberg, Resirain",3.43835616438356,5
"700","721",27.3693150684932,20.6301369863014,39.8,30,"2375",SENN,"Zollikerberg, Sennhof",47.9994520547946,69.8
"701","722",17.8794520547945,13.4783561643836,26,19.6,"1792",OBHU,"Zollikerberg, Oberhueb",31.3578082191781,45.6
"702","724",261.191808219178,104.851835616438,350.39,139.48,"1391",BKIL,"Kilchberg ZH, Bahnhof",366.043643835616,489.87
"703","725",5.82087309589041,15.5504166849315,7.88868,21.61459,"2277",SHDO,"Kilchberg ZH,Schulhaus Dorfstr",21.3712897808219,29.50327
"704","726",12.1996495616438,65.5750684931507,16.12459,87.9,"1018",GOBI,"Kilchberg ZH, Gottlieb-Binder",77.7747180547945,104.02459
"705","727",10.6867098630137,19.283397260274,13.6241,24.76,"75",ALHK,"Kilchberg ZH, Altersheim",29.9701071232877,38.3841
"706","728",27.9360273972603,23.0809315068493,38.31,30.62,"1577",LISP,"Kilchberg ZH, Lindt & Sprüngli",51.0169589041096,68.93
"707","729",10.5984383561644,15.6793771232877,14.37,20.96515,"2264",SOKI,"Kilchberg ZH, Schoorenstrasse",26.2778154794521,35.33515
"708","730",1.32506849315068,11.7891780821918,1.67,15.19,"2580",STOG,"Kilchberg ZH, Stockengut",13.1142465753425,16.86
"709","731",2.42308824657534,26.6876712328767,3.17971,35.32,"3796",MYTH,"Kilchberg ZH, Mythenstrasse",29.110759479452,38.49971
"710","732",2.00624657534247,8.78408219178082,2.76,11.57,"589",BAEC,"Kilchberg ZH, Bächlerstrasse",10.7903287671233,14.33
"711","733",6.9972602739726,8.04334246575342,9.04,10.7,"6780",KOBE,"Kilchberg ZH, Obere Hornhalde",15.040602739726,19.74
"712","734",5.83435616438356,0.999780821917808,7.9,1.4,"6781",KEMI,"Kilchberg ZH, Emilienheim",6.83413698630137,9.3
"713","735",9.01947945205479,0.533397260273973,11.73,0.67,"6782",KBRE,"Kilchberg ZH, Breitloo",9.55287671232876,12.4
"714","736",2.49304780821918,0.419507342465753,3.32495,0.58518,"2239",SLIM,"Kilchberg ZH, Schlimbergstr.",2.91255515068493,3.91013
"715","737",0.277808219178082,2.20252054794521,0,0,"3356",WALBIST,"Waldegg, Birmensdorferstrasse",2.48032876712329,0
"716","738",0.047013698630137,2.11704109589041,0,0,"6907",WALDLEU,"Waldegg, Leuen",2.16405479452055,0
"717","739",0.0227945205479452,1.47309589041096,0,0,"2570",BIRMSTE,"Birmensdorf ZH, Sternen/WSL",1.49589041095891,0
"718","740",0.0584109589041096,0.769315068493151,0,0,"2748",BIRMURI,"Birmensdorf ZH, Untere Risi",0.827726027397261,0
"719","741",2.3492602739726,5.22991780821918,0,0,"687",UITIDRF,"Uitikon, Dorf",7.57917808219178,0
"720","742",0.113972602739726,0.00854794520547945,0,0,"1991",WALPOST,"Waldegg, Post",0.122520547945205,0
"721","743",0.255013698630137,1.99594520547945,0,0,"6009",RREB,"Rüschlikon, Rebsteig",2.25095890410959,0
"722","744",0,0.803506849315068,0,0,"4108",SEHA01,"Thalwil, Seehaldenstrasse",0.803506849315068,0
"723","745",0,1.98027397260274,0,0,"6856",TSON01,"Thalwil, Sonnenberg",1.98027397260274,0
"724","746",0.0712328767123288,1.144,0,0,"2412",FELD01,"Thalwil, Feldstrasse",1.21523287671233,0
"725","747",0.0170958904109589,1.93895890410959,0,0,"2333",THSH01,"Thalwil, Schützenhaus",1.95605479452055,0
"726","748",0,0.388931506849315,0,0,"1684",MUBA01,"Thalwil, Mühlebachplatz",0.388931506849315,0
"727","749",0.142465753424658,1.41468493150685,0,0,"2989",TZEN01,"Thalwil, Zentrum",1.55715068493151,0
"728","750",1.13830136986301,1.36767123287671,0,0,"3378",PTHA01,"Thalwil, Post",2.50597260273972,0
"729","751",0,1.19101369863014,0,0,"641",CRUZ07,"Regensdorf, Chrüzächer",1.19101369863014,0
"730","752",0,1.69106849315068,0,0,"2986",ZREG07,"Regensdorf, Zentrum",1.69106849315068,0
"731","753",0.557041095890411,1.62553424657534,0,0,"1627",MEHO,"Dübendorf, Meiershofstrasse",2.18257534246575,0
"732","754",0.0698082191780822,0.883287671232877,0,0,"3478",CITC,"Dübendorf, City Center",0.953095890410959,0
"733","755",0.443068493150685,0.284931506849315,0,0,"1572",DLIN,"Dübendorf, Lindenplatz",0.728,0
"734","756",4.96493150684932,0.680986301369863,0,0,"3146",BDUN,"Dübendorf, Bahnhof Nord",5.64591780821918,0
"735","757",0.0284931506849315,0.289205479452055,0,0,"863",FLUP,"Dübendorf, Flugplatz",0.317698630136987,0
"736","758",0.0284931506849315,1.20383561643836,0,0,"753",DINN07,"Dübendorf, Innovationspark",1.23232876712329,0
"737","759",0.047013698630137,3.01742465753425,0,0,"6364",STIE,"Wangen, Stierwisen",3.06443835616439,0
"738","760",0,0.10827397260274,0,0,"1266",WHAE,"Wangen, Hätzelwisen",0.10827397260274,0
"739","761",0.428821917808219,1.78794520547945,0,0,"2850",WELI,"Wangen, Weidli",2.21676712328767,0
"740","762",0.047013698630137,0.609753424657534,0,0,"2975",ZELG,"Dübendorf, Zelglistrasse",0.656767123287671,0
"741","763",0,0.330520547945205,0,0,"1054",GRUZ,"Dübendorf, Grüzenstrasse",0.330520547945205,0
"742","764",0.0199452054794521,0.216547945205479,0,0,"1451",DKRE,"Dübendorf, Kreuzbühl",0.236493150684931,0
"743","765",0.142465753424658,0.675287671232877,0,0,"1303",IEBN,"Zürich, Im Ebnet",0.817753424657535,0
"744","766",0,0.166684931506849,0,0,"1542",RLET07,"Rümlang, Letten",0.166684931506849,0
"745","767",0,0.661041095890411,0,0,"6682",RHOE07,"Rümlang, Hörnlistrasse",0.661041095890411,0
"746","768",0.0056986301369863,0.790684931506849,0,0,"1799",RGEM07,"Rümlang, Gemeindehaus",0.796383561643835,0
"747","769",0.0869041095890411,0.129643835616438,0,0,"1763",ORUE07,"Rümlang, Oberdorf",0.216547945205479,0
"748","771",133.592465753425,142.554109589041,194.267928286853,207.299800796813,"2054",RENN,"Zürich, Rennweg",276.146575342466,401.567729083666
